create ,"① を創り出す,② を飾る,③ に従う,④ を支配する",1
increase ,"① 適応する,② 増加する,③ を減らす,④ 比較する",2
improve ,"① を含む,② を向上させる,③ を見なす,④ を心配する",2
mean ,"① を意味する,② に気がつく,③ を思い出す,④ を解決する",1
own ,"① を決意する,② を所有している,③ 存在する,④ かしらと思う",2
include ,"① を向上させる,② を関連づける,③ を心配する,④ を含む",4
consider ,"① を見なす,② を供給する,③ を励ます,④ を向上させる",1
allow ,"① を許す,② を生産する,③ を供給する,④ を含む",1
suggest ,"① を減らす,② を提案する,③ を頼る,④ を存在する",2
produce ,"① を生産する,② を関連づける,③ を向上させる,④ を見なす",1
decide ,"① を決める,② を述べる,③ を生産する,④ を建てる",1
offer ,"① とわかる,② を提供する,③ を管理する,④ と主張する",2
require ,"① を要求する,② を心配する,③ を許す,④ を生産する",1
share ,"① について述べる,② を共有する,③ を提案する,④ （費用）がかかる",2
store ,"① に強いる,② を保存する,③ と主張する,④ を提供する",2
tend ,"① 傾向がある,② 捜す,③ 頼る,④ 苦しむ",1
concern ,"① （受身形で）心配している,② （受身形で）見なしている,③ （受身形で）供給している,④ （受身 形で）含む",1
describe,"① を生産する,② について述べる,③ のように見える,④ 意見が一致する",2
involve ,"① を向上させる,② を比較する,③ を関与させる,④ を提案する",3
reduce ,"① を励ます,② について述べる,③ を減らす,④ を（…に）加える",3
design ,"① を宣言する,② を設計する,③ を予約する,④ を取り消す",2
force ,"① に強いる,② に影響を及ぼす,③ に気づく,④ を避ける",1
limit ,"① に印を付ける,② を制限［規制］する,③ を運ぶ,④ を展示する",2
bear ,"① に強いる,② に耐える,③ を共有する,④ を許す",2
affect ,"① を共有する,② に気づく,③ に影響を及ぼす,④ を励ます",3
deal ,"① （～ withで）が増加する,② （～ withで）と気づく,③ （～ withで）に要求する,④ （～ withで） を処理する",4
avoid ,"① を避ける,② を比較する,③ とわかる,④ に気づく",1
relate ,"① を関連づける,② を向上させる,③ を生産する,④ を供給する",1
realize ,"① （費用）がかかる,② に気づく,③ と主張する,④ を提案する",2
encourage ,"① について述べる,② を（…に）加える,③ を要求する,④ を奨励する",4
compare ,"① を要求する,② を（…に）加える,③ を比較する,④ を励ます",3
measure ,"① を運転する,② を飾る,③ を計算する,④ を測る",4
exist ,"① 要求する,② 存在する,③ 含む,④ 生産する",2
mark ,"① を管理する,② を選ぶ,③ に印をつける,④ を収集する",3
challenge ,"① に異議を唱える,② を管理する,③ に影響を及ぼす,④ を励ます",1
depend ,"① 頼る,② 傾向がある,③ 減らす,④ 適応する",1
object ,"① と主張する,② に強いる,③ 生き延びる,④ 反対する",4
demand ,"① に気づく,② とわかる,③ を保存する,④ を要求する",4
found ,"① 滞在する,② に気がつく,③ を設立する,④ を観察する",3
complete ,"① を完成させる,② を処理する,③ と主張する,④ を保存する",1
idea ,"① 財布,② 考え,③ 余地,④ 運",2
accord ,"① （社会の）慣習,② 一致,③ 材料,④ 数字",2
company ,"① 談話室,② 会社,③ 意見,④ 議会",2
interest ,"① 音,② 証拠,③ 興味,④ 問題",3
research ,"① 研究,② 学者,③ 科学,④ 文化",1
cause ,"① 原因,② 材料,③ 権利,④ 個人",1
reason ,"① 論理,② 知識,③ 理由,④ 結果",3
effect ,"① 科学技術,② 質,③ 著者,④ 影響",4
influence ,"① 影響（力）,② 質,③ 環境,④ 価値",1
situation ,"① 質,② 状況,③ 機会,④ 利益",2
environment ,"① 著者,② 利益,③ 機会,④ 環境",4
skill ,"① 技能,② 状況,③ 見解,④ 科学技術",1
matter ,"① 事柄,② 価値,③ 技能,④ 見解",1
view ,"① 利益,② 質,③ 価値,④ 見解",4
value ,"① 質,② 機会,③ 著者,④ 価値",4
species ,"① 数字,② （生物の）種,③ 主張,④ 証拠",2
thought ,"① 焦点,② 数字,③ 考え,④ 問題",3
knowledge ,"① 目的,② 知識,③ 角度,④ 眺め",2
memory ,"① 記憶（力）,② 経済,③ 証拠,④ 主張",1
practice ,"① 医薬,② 問題（点）,③ 実践,④ 実験",3
benefit ,"① 利益,② 科学技術,③ 環境,④ 価値",1
theory ,"① 技能,② 学説,③ 価値,④ 影響（力）",2
issue ,"① 問題（点）,② 影響（力）,③ 状況,④ 著者",1
experiment ,"① 問題（点）,② 影響,③ 実験,④ （専門）用語",3
article ,"① （専門）用語,② 影響（力）,③ 記事,④ 理論",3
focus ,"① 産業,② 記事,③ 焦点,④ 話題",3
subject ,"① 影響,② 見解,③ 科学技術,④ 話題",4
project ,"① 予言,② 計画,③ 使い走り,④ たんぱく質",2
quality ,"①質,② 機会,③ 利益,④ 科学技術",1
role ,"① 岩石,② さお,③棒,④ 役割",4
term ,"① 環境,② 利益,③ （専門）用語,④ 見解",3
statement ,"① 話題,② 状況,③ 技能,④ 声明",4
material ,"① 理論,② 経済,③ 材料,④ 影響",3
evidence ,"① 主張,② 記事,③ 影響,④ 証拠",4
source ,"①源,② 空間,③ 入口,④球",1
community ,"①国,② 慈善,③ 地区,④ （共同）社会",4
technology ,"① 科学技術,② 価値,③質,④ 機会",1
culture ,"① 構造,② 文学,③ 手触り,④ 文化",4
appropriate ,"① 適切な,② 忍耐強い,③ 普通の,④ 社会的な",1
likely ,"① 社会的な,② 手に入る,③ 科学的な,④ ありそうな",4
possible ,"① 可能な,② 全般的な,③ 身体の,④ 確信して",1
individual ,"① 公の,② 全般的な,③ 社会的な,④ 個々の",4
public ,"① 社会的な,② 公の,③ 手に入る,④ ありそうな",2
common ,"① 最近の,② 共通の,③ 手に入る,④ 社会的な",2
certain ,"① 公の,② 確信して,③ 手に入る,④ 可能な",2
similar ,"① 身体の,② 社会的な,③ 特定の,④ 似ている",4
recent ,"① 最近の,② 似ている,③ 全般的な,④ 普通の",1
major ,"① 主要な,② 年上の,③ 数の,④ 迅速な",1
patient ,"① 特定の,② 忍耐強い,③ 科学的な,④ 出生地の",2
particular ,"① 忍耐強い,② ありそうな,③ 普通の,④ 特定の",4
physical ,"① ありそうな,② 社会的な,③ 身体の,④ 全般的な",3
various ,"① さまざまな,② 忍耐強い,③ 普通の,④ 全般的な",1
available ,"① 可能な,② 公の,③ 確信して,④ 手に入る",4
native ,"① 最近の,② 公の,③ 出生地の,④ 似ている",3
political ,"① 科学的な,② 社会的な,③ 政治（上）の,④ 全般的な",3
due ,"① 公式の,② 特定の,③ 予定された,④ 確信して",3
blank ,"① 全般的な,② ありそうな,③ さまざまな,④ 空白の",4
ancient ,"① 私的な,② 忍耐強い,③ 古代の,④ 最近の",3
correct ,"① 社会的な,② 似ている,③ 正しい,④ 普通の",3
despite ,"① それゆえに,② ～にもかかわらず,③ 結局は,④ いっそう",2
notice ,"① を共有する,② を管理する,③ と主張する,④ に気づく",4
refer ,"① 意見が一致する,② 頼る,③ を減らす,④ 言及する",4
approach ,"① に気づく,② を避ける,③ に近づく,④ に影響を及ぼす",3
wonder ,"① 適応する,② を共有する,③ 増加する,④ かなと思う",4
imagine ,"① に抵抗する,② に思い出させる,③ を公言する,④ （を）想像する",4
recognize ,"① を識別できる,② と仮定する,③ の方を好む,④ に近づく",1
solve ,"① を尋ねる,② を解く,③ を構成する,④ を進化させる",2
occur ,"① と主張する,② をどうにか成し遂げる,③ 言及する,④ 起こる",4
argue ,"① に気づく,② かなと思う,③ と主張する,④ を比較する",3
claim ,"① を提案する,② を保存する,③ に影響を及ぼす,④ と主張する",4
express ,"① に気づく,② を表す,③ と主張する,④ を生産する",2
draw ,"① を救う,② を撮る,③ を引き出す,④ を含む",3
waste ,"① を保存する,② が衰退する,③ を供給する,④ を浪費する",4
advance ,"① を進歩させる,② と主張する,③ に影響を及ぼす,④ を完成させる",1
spread ,"① を共有する,② を提案する,③ を広める,④ を保存する",3
prepare ,"① を準備する,② に近づく,③ を行う,④ の方を好む",1
gain ,"① を維持する,② を供給する,③ を獲得する,④ を共有する",3
achieve ,"① を楽しませる,② を得る,③ を耕す,④ を達成す",4
establish ,"① を確立する,② に近づく,③ をどうにか成し遂げる,④ を決定する",1
supply ,"① を妨げる,② を保存する,③ を申し込む,④ を供給する",4
suppose ,"① を決定する,② と思う,③ と主張する,④ に強いる",2
perform ,"① （を）行う,② を管理する,③ に近づく,④ の方を好む",1
prefer ,"① のように見える,② を見なす,③ かなと思う,④ のほうを好む",4
determine ,"① を維持する,② を関与させる,③ を提案する,④ を決定する",4
treat ,"① を決定する,② を扱う,③ を識別できる,④ を提案する",2
prove ,"① に気づく,② を識別できる,③ を証明する,④ を表現する",3
apply ,"① を許す,② を要求する,③ 起こる,④ を適用［応用］する",4
mention ,"① に言及する,② の方を好む,③ と主張する,④ を広める",1
communicate ,"① 賛成する,② と言い返す,③ を告白する,④ 情報交換をする",4
contain ,"① 増加する,② 存在する,③ 維持する,④ を含む",4
contact ,"① を命令する,② に抵抗する,③ と連絡を取る,④ に耐える",3
regard ,"① を（…と）関連づける,② を見なす,③ かなと思う,④ を要求する",2
respect ,"① に取って代わる,② を要求する,③ を尊敬する,④ を励ます",3
search ,"① を保存する,② を共有する,③ を避ける,④ 捜す",4
connect ,"① に近づく,② をつなぐ,③ を供給する,④ を扱う",2
decline ,"① を表す,② を行なう,③ 減少する,④ を心配する",3
prevent ,"① を妨げる,② を表す,③ を避ける,④ を行な",1
suffer ,"① 頼る,② 生き延びる,③ 言及する,④ 苦しむ",4
survive ,"① 訴える,② を切り抜けて生き残る,③ 反対する,④ 捜す",2
publish ,"① を広める,② を設立する,③ を表現する,④ を出版する",4
opportunity ,"① 環境,② 著者,③ 問題（点）,④ 機会",4
task ,"① 傾向,② 期間,③柱,④ （課せられた）仕事",4
industry ,"① 実験,② 状況,③ 問題（点）,④ 産業",4
medium ,"① 記憶（力）,② 材料,③ 問題,④ （情報伝達の）媒体",4
economy ,"① （専門）用語,② 話題,③ 経済（状態）,④ 数字",3
policy ,"① 福祉,② 問題,③ 伝説,④ 政策",4
account ,"① 説明,② 医薬,③ 記憶（力）,④ （生物の）種",1
trade ,"① 経済,② 産業,③ 焦点,④ 貿易",4
model ,"① のり,② 彫像,③ パンフレット,④ 模範",4
figure ,"① 理論,② 影響（力）,③ 技能,④ 数字",4
cell ,"① 医薬,② 細胞,③ 技能,④ （生物の）種",2
image ,"①薬,② 印象,③ 舞台,④ 悲劇",2
emotion ,"① 考え,② 主張,③ 見解,④ 感情",4
stress ,"① ストレス,② 民話,③ 木材,④ 制限",1
decade ,"① 範囲,② （専門）用語,③ 10年間,④ 数字",3
range ,"① 範囲,② 内容,③ 構造,④ 利",1
character ,"① 空想,② 性格,③ 慈善,④ 作曲家",2
advantage ,"① 価値,② 利点,③ 説明,④ 機能",2
phrase ,"①句,② 散文,③文,④巻",1
damage ,"① 要求,② 損害,③象,④ 文章",2
impact ,"① 情熱,② 欠陥,③ 侮辱,④ 影響",4
method ,"① 考え,② 焦点,③ 構造,④ 方法",4
resource ,"① 方法,② 資源,③ 産業,④ 環境",2
region ,"① 話題,② 環境,③ 地域,④ 状況",3
medicine ,"① 理論,② 影響（力）,③薬,④ 証拠",3
detail ,"① 内容,② （情報伝達の）媒体,③ 記事,④ 詳細（な情報）",4
feature ,"① 価値,② 利点,③ 特徴,④ 機能",3
function ,"① 科学技術,② 機能,③ 構造,④ 技能",2
access ,"① 説明,② 利用,③ （物事の）側面,④ 一致",2
item ,"① 聖像,② 品目,③ 話題,④ 手荷物",2
income ,"① 資源,② 料金,③ 収入,④ 利益",3
attitude ,"① 態度,② 機能,③ 主張,④ 内容",1
site ,"① 仲間,② 用地,③ 切手,④ 光景",2
aspect ,"① （物事の）側面,②見解,③ 価値,④ 利点",1
structure ,"① 理論,② （社会の）慣習,③質,④ 構",4
habit ,"① 燃料,② 習慣,③ 影響,④ 考え方",2
link ,"① 関連,② 絹,③ 調子,④ かぎ",1
instance ,"① （具体的な）例,② 沈黙,③ 政策,④ 理解",1
positive ,"① 可能な,② 忍耐強い,③ 身体の,④ 肯定的な",4
negative ,"① ひどい,② 古代の,③ 反対側の,④ 否定的な",4
complex ,"① 特定の,② 柔軟な,③ 複雑な,④ 古代の",3
current ,"① 正しい,② 忍耐強い,③ 現在の,④ 普通の",3
mental ,"① 政治（上）の,② 反対側の,③ 精神の,④ 身体の",3
specific ,"① 身体の,② 特定の,③ 反対側の,④ 公の",2
significant ,"① 重要な,② 確信して,③ 可能な,④ 忍耐強い",1
essential ,"① 効率的な,② 必要不可欠な,③ 可能な,④ 社会的な",2
official ,"① 最近の,② 古代の,③ 公用の,④ 普通の",3
financial ,"① 必要不可欠な,② 政治（上）の,③ 財政（上）の,④ 化学の",3
academic ,"① 普通の,② 学問の,③ 政治（上）の,④ 公の",2
aware ,"① 誇りに思って,② 特定の,③ 必要不可欠な,④ 気づいて",4
worth ,"① 忍耐強い,② 全般的な,③ に値する,④ 手に入る",3
potential ,"① 柔軟な,② 公正な,③ 潜在的な,④ 私的な",3
active ,"① 公正な,② 全般的な,③ 明らかな,④ 積極的な",4
digital ,"① 歯の,② 精神の,③ デジタル方式の,④ 負",3
mobile ,"① 普通の,② 身体の,③ 適切な,④ 可動［移動］式の",4
novel ,"① 独特の,② 最近の,③ 可動式の,④ 斬新な",4
plastic ,"① の価値がある,② 正しい,③ 柔軟な,④ 特定の",3
chemical ,"① 身体の,② 公式の,③ 化学の,④ 科学的な",3
necessary ,"① 必要な,② 手に入る,③ 重要な,④ ありそうな",1
eventually ,"① その代わりに,② 同時に,③ それゆえに,④ 結局（は）",4
identify ,"① を特定する,② を管理する,③ を提案する,④ を比較する",1
represent ,"① を設立する,② を識別できる,③ を表す,④ を証明する",3
indicate ,"① を調べる,② を指し示す,③ を追い求める,④ を関与させる",2
manage ,"① をびっくりさせる,② をなんとか成し遂げる,③ を向上させる,④ を励ます ",2
attend ,"① に出席する,② 申し込む,③ に近づく,④ 適応する",1
maintain ,"① を供給する,② を生産する,③ を要求する,④ を維持する",4
survey ,"① を提案する,② を満足させる,③ を調査する,④ を動けなくさせる",3
replace ,"① に取って代わる,② を表す,③ を設立する,④ を減らす",1
sort ,"① を除外する,② を選ぶ,③ を省略する,④ を分類する",4
conduct ,"① を破壊する,② （調査・実験など）を実施する,③ を隠す,④ を含む",2
associate ,"① を当然のことと思う,② を試みる,③ を結び付けて考える,④ の意見が一致する ",3
attempt ,"① を試みる,② を行う,③ に近づく,④ を準備する",1
promote ,"① を準備する,② を促進する,③ を妨げる,④ を証明する",2
earn ,"① に耐える,② を供給する,③ と推定する,④ を稼ぐ",4
unite ,"① を団結させる,② を要求する,③ を創造する,④ を吸収する",1
feed ,"① に食べ物［乳］を与える,② を測る,③ に種をまく,④ を避ける",1
seek ,"① を追い求める,② を要求する,③ を共有する,④ を扱う",1
observe ,"① を見なす,② に気づく,③ をどうにか成し遂げる,④ を維持す",2
reveal ,"① を試みる,② を反映する,③ を明らかにする,④ を指し示す",3
estimate ,"① と不平を言う,② と推定する,③ とわかる,④ と主張する",2
reflect ,"① を表す,② を反映する,③ を準備する,④ を見なす",2
attract ,"① に出席する,② を引きつける,③ を扱う,④ を結び付けて考える",2
decrease ,"① 現れる,② 減少する,③ 苦しむ,④ 反応する",2
ignore ,"① を無視する,② …のように見える,③ と主張する,④ を見なす",1
match ,"① （と）合う,② （と）推定する,③ （と）思う,④ （と）主張する",1
define ,"① を含む,② を定義する,③ を反映する,④ を追い求める",2
adapt ,"① 頼る,② 意見が一致する,③ 存在する,④ 適応する",4
contribute ,"① を見なす,② を励ます,③ 貢献する,④ を関与させる",3
exchange ,"① （を）蓄積する,② （を）免除する,③ （を）交換する,④ （に）知らせる ",3
display ,"① を示す,② と不平［苦情］を言う,③ を指し示す,④ 存在する",1
respond ,"① 反映する,② くつろぐ,③ 反応する,④ 頼る",3
hide ,"① を含む,② とわかる,③ を明らかにする,④ を隠す",4
doubt ,"① を無視する,② を維持する,③ を処理する,④ ではないと思う",4
remove ,"① を引きつける,② を妨げる,③ を取り除く,④ を見なす",3
wind ,"① （ねじなど）を巻く,② を構成する,③ を制限する,④ を縛る",1
assume ,"① を明らかにする,② に言及する,③ を当然のことと思う,④ に出席する",3
relax ,"① くつろぐ,② を満足させる,③ を明らかにする,④ と不平［苦情］を言",1
satisfy ,"① を満足させる,② を提案する,③ に成功する,④ を引きつける",1
desire ,"① を強く望む,② を決定する,③ を実施する,④ を満足させる",1
succeed ,"① を表現する,② を向上させる,③ 成功する,④ を供給する",3
concept ,"① 結果,② 概念,③ 気候,④ 昆虫",2
fashion ,"① 事柄,② 流行,③ 戦闘,④ 意見",2
device ,"① 装置,② 材料,③ 機能,④ 構造",1
charge ,"① 料金,② 数字,③ 温度,④ 利益",1
contrast ,"① 対照,② 一致,③ 程度,④ 実験",1
colleague ,"① 聴衆,② （職場の）同僚,③ （関係）当局,④ 個人",2
pain ,"① 細胞,② 原因,③ 跡,④ 苦痛",4
bill ,"① 価値,② 請求書,③ 証拠,④ 範囲",2
content ,"① 記事,② 話題,③ 内容,④ 説明",3
section ,"① 部門,② 土壌,③ 器官,④ 選択肢",1
audience ,"① 記事,② 音,③ 聴衆,④ 著者",3
surface ,"① 構造,② 表面,③ 内容,④ （物事の）側面",2
crop ,"① 燃料,② 範囲,③ 粘土,④ 作物",4
topic ,"① 墓,② 終点,③ 論理,④ 話題",4
technique ,"① 取っ手,② 技術,③ 分析,④ 地質学",2
status ,"① 問題,② 接近,③ 地位,④ 利",3
option ,"① 選択（の自由）,② 機能,③ 機関,④ 説明",1
reward ,"① 報酬,② 権利,③ 価値,④ 利点",1
race ,"① 人種,②跡,③ 計略,④ 道筋",1
crime ,"① 武器,②罪,③ 障壁,④ 部族",2
conflict ,"① 争い,② 問題（点）,③ 対照,④ 権利",1
struggle ,"① 戦略,② 闘い,③ 現象,④ 目標",2
context ,"① 機会,② 状況,③ 傾向,④ 側面",2
debate ,"① 討論,② 組織,③ 決定,④ 参加者",1
fuel ,"① 燃料,② 材料,③ 資源,④ 環境",1
pollution ,"① 環境,② 汚染,③ 状況,④質",2
trend ,"① （物事の）側面,② 状況,③ 進歩,④ 傾向",4
balance ,"① 均衡,② 妨害物,③例,④ 姿勢",1
traffic ,"① 通行人,② 日課,③ 訓練生,④ 交通",4
strategy ,"① 戦略,② 証拠,③ 構造,④ 技能",1
basis ,"① 基礎,② 電池,③ ふた,④源",1
consequence ,"① 利益,② 結果,③ 状況,④ 目標",2
aim ,"① 焦点,② 主張,③ 利点,④ 目的",4
ancestor ,"① 祖先,② 細胞,③ （生物の）種,④ 個人",1
gene ,"① 環境,② 遺伝子,③ 資源,④ 媒",2
track ,"①跡,② 表面,③ （物事の）側面,④ 時代",1
revolution ,"① 進歩,② 方法,③ 革命,④ 時代",3
progress ,"① 進歩,② 収入,③ 方法,④ 範囲",1
cognitive ,"① 明らかな,② 認知の,③ 意識して,④ 出生地の",2
ideal ,"① 明らかな,② 創造的な,③ 理想的な,④ 潜在的な",3
efficient ,"① 効率的な,② 公正な,③ 重要な,④ 適切な",1
universal ,"① 暴力的な,② 理想的な,③ 相対的な,④ 普遍的な",4
vast ,"① 潜在的な,② 莫大な,③ 古代の,④ 相対的な",2
extra ,"① 追加の,② かすかな,③ 小さい方の,④ 外の",1
entire ,"① 最近の,② 公の,③ 全体の,④ 特定の",3
familiar ,"① 特定の,② 精通している,③ 必要不可欠な,④ 似ている",2
obvious ,"① 全般的な,② 活動的な,③ 明らかな,④ 可能な",3
moral ,"① 衛生的な,② 道徳（上）の,③ 社会の,④ 差し迫った",2
ordinary ,"① 特定の,② 一般の,③ 独特の,④ 必要な",2
equal ,"① 緊急の,② 広大な,③ 等しい,④ 手の",3
previous ,"① 以前の,② 明らかな,③ 意識して,④ さまざまな",1
false ,"① 確信して,② 可能な,③ 乾燥した,④ 間違った",4
rare ,"① 特定の,② まれな,③ 気づいて,④ 厳しい",2
legal ,"① 法律の,② 政治（上）の,③ 公の,④ 社会的",1
independent ,"① 誇りに思って,② 意識して,③ 確信して,④ 独立した",4
extreme ,"① 可能な,② 積極的な,③ 極端な,④ 柔軟な",3
actual ,"① 全体の,② 直接の,③ 必要不可欠な,④ 実際の",4
willing ,"① ひどい,② 忍耐強い,③ 目新しい,④ いとわない",4
urban ,"① 最近の,② 特定の,③ 現在の,④ 都市の",4
whereas  ,"① ～するのに（対し）,② ～するものは何でも,③ まだ,④ それにもかかわらず ",1
predict ,"① を予言［予測］する,② を無視する,③ を促進する,④ を保持する",1
examine ,"① を決定する,② を調べる,③ に近づく,④ を管理する",2
trust ,"① を尊敬する,② の方を好む,③ を信頼する,④ を扱う",3
stick ,"① を保存する,② を広める,③ を動けなくする,④ を追い求める",3
emerge ,"① を調べる,② 起こる,③ 現れる,④ を表す",3
vary ,"① を申し込む,② を供給する,③ を特定する,④ さまざまである",4
release ,"① を要求する,② を表す,③ を放出する,④ を取り除く",3
divide ,"① を分ける,② を破壊する,③ を強く望む,④ を疑う",1
enable ,"① 調べる,② 現れる,③ 推定する,④ （人）が…できるようにする",4
judge ,"① （を）認める,② （を）判断する,③ を管理する,④ を強く主張する",2
rely ,"① くつろぐ,② 頼る,③ 反応する,④ 反映する",2
engage ,"① を稼ぐ,② を調べる,③ を従事させる,④ を励ます",3
shift ,"① を手伝う,② を変える,③ を除く,④ を運ぶ",2
adopt ,"① を無視する,② を認める,③ を採用する,④ を引きつける",3
acquire ,"① を購入する,② を分ける,③ を得る,④ を強く望む",3
expand ,"① （を）拡大する,② を調べる,③ を認める,④ （を）管理する",1
refuse ,"① に耐える,② を拒む,③ を妨げる,④ を明らかにする",2
strike ,"① を述べる,② の心を打つ,③ を避ける,④ を混ぜ",2
repeat ,"① （を）繰り返す,② （を）妨げる,③ 競争する,④ 訴える",1
consume ,"① を比較する,② を管理する,③ を消費する,④ を見なす",3
confuse ,"① を実施する,② を含む,③ をつなぐ,④ を混同する",4
select ,"① を解決する,② を広める,③ を選ぶ,④ を提案する",3
evolve ,"① 現れる,② 増加する,③ 存在する,④ （徐々に）発展する",4
convince ,"① を消費する,② を納得［確信］させる,③ を完成させる,④ を比較する",2
recall ,"① を思い出す,② に気づく,③ を放出する,④ を識別できる",1
destroy ,"① を定義する,② を決定する,③ について述べる,④ を破壊する",4
preserve ,"① を保存する,② を促進する,③ の方を好む,④ を妨げる",1
organize ,"① に反対する,② に気づく,③ を準備する,④ を提供する",3
warn ,"① （人）をびっくりさせる,② （人）を触発する,③ （人）に警告［注意］する,④ （人）に言及する ",3
address ,"① （問題など）に対処する,② を疑う,③ を当然のことと思う,④ を結び付けて考える ",1
operate ,"① を浪費する,② を指し示す,③ を準備する,④ を操作する",4
participate ,"① 参加する,② 寄与する,③ 頼る,④ 適応する",1
surround ,"① を供給する,② を取り巻く,③ を調査する,④ を放出する",2
flow ,"① 捜す,② 頼る,③ 起こる,④ 流れる",4
bore ,"① を掘る,② を噛む,③ 飢える,④ （人）を退屈させる",4
complain ,"① （と）不平［苦情］を言う,② を比較する,③ を見なす,④ （を）心配する ",1
host ,"① を出版する,② 停止する,③ を主催する,④ を印刷す",3
combine ,"① を比較する,② を含む,③ と不平［苦情］を言う,④ を結び付ける",4
extend ,"① を信頼する,② を引きつける,③ を認める,④ を伸［延］ばす",4
appreciate ,"① を正当に評価する,② と主張する,③ に言及する,④ を予言する",1
target ,"① （到達・攻撃）目標,② 料金,③ 貿易,④ 権利",1
element ,"① 要素,② 細胞,③ 源,④ 環境",1
principle ,"① 原則,② 影響（力）,③ 主張,④ 考え",1
phenomenon ,"① 特徴,② 現象,③ 規範,④ 影響",2
atmosphere ,"① 利点,② 表面,③ 地域,④ 大気",4
origin ,"① 起源,② 焦点,③ 細胞,④ 跡",1
personality ,"① 主義,② 個性,③ 規範,④ 個人",2
capacity ,"① 存在,② （最大）容量,③ 資源,④ 傾向",2
profit ,"① （社会の）慣習,② 利益,③ 価値,④ 数字",2
circumstance ,"① 状況,② 表面,③ 地域,④ 質",1
manner ,"① 範囲,② 原因,③ 作法,④ 問題",3
threat ,"① 影響,② 脅威,③ 状況,④ 苦痛",2
resident ,"① 個性,② 地域,③ 居住者,④ （職場の）同僚",3
wealth ,"① 状況,② 結果,③ 収入,④ 富",4
institution ,"① 機能,② 機関,③ 革命,④ 同僚",2
authority ,"① 先祖,② （関係）当局,③ 著者,④ 規",2
vote ,"① 投票,② 特性,③ 見解,④ （専門）用語",1
sight ,"① 焦点,② 光景,③ 考え方,④富",2
campaign ,"① 運動,② 争い,③ （社会的な）慣習,④ 結果",1
fund ,"① 基金,② 賃借料,③ 機能,④ 欠点",1
web ,"① 犯罪,② ウェブ,③ くし,④ 視覚",2
symbol ,"① 情熱,② 対称,③ 象徴,④ 共感",3
analysis ,"① 戦略,② 統計,③ 分析（結果）,④ 接近",3
version ,"① 傾向,② 価値,③ （本・製品などの）版,④ 特性",3
perspective ,"① 傾向,② 観点,③ 主義,④ 個性",2
crisis ,"① 原因,② 状況,③ 内容,④ 危機",4
disaster ,"① 災害,② 闘い,③ 気圧,④ 脅威",1
lecture ,"① 紹介,② 角度,③ 講義,④ 伝説",3
psychology ,"① 哲学,② 文学,③ 科学技術,④ 心理学",4
gender ,"① 個人,② （社会的・文化的）性,③ 先祖,④ 問題",2
custom ,"① 価値,② 地域,③ （社会的な）慣習,④ 媒体",3
court ,"① 作物,② 状況,③ 裁判所,④ （大）企業",3
desert ,"① 気圧,② 地域,③ 砂漠,④ 作物",3
soil ,"① 土地,② 骨折り,③ 湿度,④ 一巻き",1
agriculture ,"① 作物,② 資源,③ 農業,④ 産",3
fossil ,"① （生物の）種,② 材料,③ 焦点,④ 化石",4
document ,"① 請求書,② 文学,③ （公）文書,④ 内容",3
vocabulary ,"① 主張,② 語彙,③ 業績,④ 数字",2
intelligent ,"① 聡明な,② 積極的な,③ 明らかな,④ 独立した",1
conscious ,"① 必要不可欠な,② 意識して,③ 明らかな,④ 潜在的な",2
capable ,"① 適切な,② 独立した,③ 能力がある,④ 実際の",3
accurate ,"① 明らかな,② 正確な,③ 効率的な,④ 私的な",2
fundamental ,"① 基本的な,② 全般的な,③ 典型的な,④ 普遍的な",1
artificial ,"① 人工の,② 身体の,③ 財政（上）の,④ 公式の",1
firm ,"① 湿気のある,② 確固たる,③ 明らかな,④ 穏やかな",2
overall ,"① 総合的な,② 必要不可欠な,③ 攻撃的な,④ 十分な",1
rural ,"① 人の住まない,② 田舎の,③ 出生地の,④ 都市の",2
military ,"① 厳格な,② 社会的な,③ 暴力的な,④ 軍の",4
nuclear ,"① 遺伝（子）の,② 核の,③ 特定の,④ 身体の",2
biological ,"① 政治（上）の,② 生物学（上）の,③ 財政（上）の,④ 熱帯の",2
constant ,"① 普遍的な,② 絶え間ない,③ 複雑な,④ 忍耐強い",2
severe ,"① 正確な,② （人・規律・事態・天気などが）厳しい,③ 極端な,④ 珍しい ",2
visual ,"① 直接の,② 田舎の,③ 視覚の,④ 認知の",3
enormous ,"① 全般的な,② 最も重要な,③ 莫大な,④ さまざま",3
convenient ,"① 可動式の,② 忍耐強い,③ 便利な,④ 意識して",3
domestic ,"① 普通の,② 田舎の,③ 公の,④ 家庭の",4
mass ,"① 聴衆,② 在庫品,③ 大規模な,④ 傾向",3
typical ,"① 理想的な,② 典型的な,③ 必要な,④ 現在の",2
overseas ,"① 野外で,② 海外へ,③ 全般の,④ 前方に",2
nevertheless ,"① さらに,② それにもかかわらず,③ 同様に,④ それゆえに",2
demonstrate ,"① を論証［証明］する,② を信頼する,③ を決定する,④ を正当に評価する ",1
behave ,"① 頼る,② 振る舞う,③ 寄与する,④ 衰退する",2
educate ,"① を設立する,② を教育する,③ を表現する,④ と推定する",2
purchase ,"① を購入する,② を促進する,③ を妨げる,④ を信頼する",1
recommend ,"① を要請する,② を思い出す,③ を尊敬する,④ を勧める",4
admit ,"① （を）（しぶしぶ）認める,② を拒む,③ を試みる,④ （を）妨げる",1
generate ,"① を否定する,② を指し示す,③ を獲得する,④ を生み出す",4
explore ,"① を稼ぐ,② （を）調査［探究］する,③ （を）認める,④ を正当に評価する ",2
amaze ,"① をびっくりさせる,② を許す,③ を持つ［する］余裕がある,④ を引きつける ",1
tear ,"① を扱う,② を提供する,③ を引き裂く,④ を維持する",3
settle ,"① を追い求める,② を保存する,③ を解決する,④ を提案する",3
afford ,"① を当然のことと思う,② を持つ［する］余裕がある,③ を予言する,④ を正当に評価する ",2
conclude ,"① と結論づける,② と主張する,③ と推定する,④ と不平［苦情］を言う",1
advertise ,"① を援助する,② を得る,③ を宣伝する,④ を採用する",3
encounter ,"① について述べる,② に適合する,③ を従事させる,④ に遭遇する",4
remind ,"① を反映する,② に気づく,③ に取って代わる,④ に思い出させる",4
locate ,"① （受身形で）操作する,② （受身形で）好む,③ （受身形で）見える,④ （受身形で）位置する ",4
aid ,"① を採用する,② を扱う,③ を援助する,④ を（…に）加え",3
bite ,"① （を）かむ,② に相談する,③ （を）去る,④ を投資する",1
deliver ,"① を宣言する,② を配達する,③ を否定する,④ を処理する",2
perceive ,"① に気づく,② を準備する,③ を行う,④ を保持する",1
distinguish ,"① を区別する,② を処理する,③ を否定する,④ を論証する",1
imply ,"① を特定する,② を無視する,③ を輸入する,④ を暗に意味する",4
handle ,"① を処理する,② を治す,③ を供給する,④ を隠す",1
praise ,"① を準備する,② を保持する,③ を賞賛する,④ を予言する",3
appeal ,"① 進歩する,② 訴える,③ 申し込む,④ 認める",2
insist ,"① （を）特定する,② を向上させる,③ を指し示す,④ （を）強く主張する ",4
compete ,"① 競う,② 衰退する,③ 凍る,④ 寄与する",1
rank ,"① を熟考する,② を取り除く,③ 知らせる,④ を位置づける",4
deny ,"① を否定する,② を処理する,③ を定義する,④ を要求する",1
reject ,"① を拒否する,② を見なす,③ を保留する,④ を放出する",1
intend ,"① を意図する,② を指し示す,③ を関与させる,④ を含む",1
expose ,"① を予期する,② を調べる,③ をさらす,④ を稼ぐ",3
favor ,"① に反対する,② に強いる,③ に気づく,④ に賛成する",4
inspire ,"① を特定する,② を意図する,③ を無視する,④ （人）を奮起させる",4
propose ,"① を妨げる,② を行う,③ を準備する,④ を提案する",4
spell ,"① （人）と交渉する,② （人）を巻き込む,③ （語）をつづる,④ （意見）に反対す",3
breathe ,"① 衰退する,② 呼吸する,③ 振る舞う,④ 減少する",2
repair ,"① を表す,② を取り除く,③ を要請する,④ を修理する",4
consist ,"① 信じる,② 加える,③ 成る,④ 生産する",3
comment ,"① 小説,②意見,③ 記憶,④ 錠剤",2
instruction ,"① 機関,② 指示,③ 興味,④ 器具",2
religion ,"① 宗教,② 機能,③ 地域,④ 状況",1
neighborhood ,"① 部族,② 環境,③ 居住者,④ 地域",4
laboratory ,"① 実験室,② 文学,③ 記憶（力）,④ 大部分",1
presence ,"① 個性,② 資源,③ 存在,④ 主義",3
confidence ,"① 証拠,② 争い,③ 自信,④ 影響（力）",3
harm ,"① 習慣,②害,③ 目的,④ 争い",2
instrument ,"① （公）文書,② 機関,③ 器具,④ 物質",3
category ,"① 科学技術,② 運動,③ 部類,④ 戦略",3
capital ,"① 利益,② 資本,③富,④ 進歩",2
outcome ,"① 結果,② 話題,③ 特性,④ 概念",1
notion ,"① 概念,② 興味,③ 規範,④ 統計",1
review ,"① 分析（結果）,② （書物などの）論評,③ 文学,④ 観点",2
trait ,"① 地位,② 特性,③ 貿易,④ 傾向",2
diversity ,"① 人類,② 詳細（な情報）,③ 多様性,④ 大部",3
victim ,"① 犠牲（者）,② 脅威,③ 乗り物,④ 居住者",1
occasion ,"① 選択,② 大臣,③ 場合,④ 装置",3
facility ,"① 理論,② 施設,③ 構造,④ 居住者",2
stock ,"① 習慣,② 作物,③ 在庫品,④ 貿易",3
conference ,"① 会議,② 結果,③ 争い,④ （大）企業",1
humanity ,"① 記憶（力）,② 機会,③ 仮説,④ 人類",4
dialect ,"① 特徴,② 内容,③ 詳細（な情報）,④ 方言",4
proportion ,"① 範囲,② 割合,③ 利益,④ 特性",2
tip ,"① つめ,② 助言,③穴,④ わな",2
lawyer ,"① 弁護士,② 災害,③ エリート,④ 先祖",1
stuff ,"① 技能,② 範囲,③ （漠然と）物,④ 物質",3
comfort ,"① 感情,② 会議,③ 快適さ,④ 報酬",3
philosophy ,"① 文学,② 理論,③ 科学技術,④ 哲学",4
mammal ,"① 方法,② 哺乳動物,③ かたまり,④ 材料",2
quantity ,"①量,②質,③ 方法,④ 割合",1
landscape ,"① 領土,② 生息地,③ 地区,④ 風景",4
tribe ,"① （生物の）種,② 特性,③ 部族,④ 施設",3
organ ,"① 細胞,② 構造,③ 内容,④ 器官",4
trial ,"① 長所,② 領土,③ 試み,④ 計",3
norm ,"① （物事の）側面,② 規範,③ 権利,④ （社会の）慣習",2
code ,"① 規範,② 問題,③ 傾向,④ 一致",1
substance ,"① 物質,② 話題,③ 粘土,④ 在庫品",1
multiple ,"① 絶え間ない,② 海の,③ 決定的な,④ 多様な",4
numerous ,"① 巨大な,② 広大な,③ 非常に数の多い,④ 意識して",3
narrow ,"① 狭い,② 温和な,③ 寛大な,④ 湿った",1
widespread ,"① 厚い,② 広範囲にわたる,③ 家庭の,④ 全体的な",2
sufficient ,"① 基本的な,② 価値がある,③ 十分な,④ 広大な",3
proper ,"① 全体的な,② 公正な,③ 理想的な,④ 適切な",4
linguistic ,"① 言語の,② 法律の,③ 学問の,④ 遺伝（子）の",1
annual ,"① 目新しい,②年1回の,③ 実際の,④ 初級の",2
contemporary ,"① 普通の,② 現代の,③ 並の,④ 家庭の",2
contrary ,"① 現代の,② 相対的な,③ 反対の,④ 認知の",3
strict ,"① 公正な,② （規則などが）厳しい,③ 正確な,④ 柔軟な",2
civil ,"① 社会的な,② 法律の,③ 市民の,④ 田舎の",3
odd ,"① 奇妙な,② 否定の,③ 極端な,④ 初めの",1
unknown #,"① 悪名高い,② 不明の,③ 不親切な,④ 免疫の",2
superior ,"① さまざまな,② 小さい,③ よりすぐれた,④ 古代の",3
sensitive ,"① 相対的な,② 敏感な,③ 忍耐強い,④ 特定",2
violent ,"① 聡明な,② 現在の,③ （人・気質などが）激しい,④ 直接の",3
virtual ,"① 誤った,② 仮想の,③ 言葉の,④ 普通の",2
regardless ,"① 役に立たない,② かまわない,③ 思いやりのある,④ もし…しなければ",2
immediate ,"① 最近の,② 効率的な,③ 即座の,④ 絶え間ない",3
crucial ,"① 明らかな,② 非常に数の多い,③ 重要な,④ 潜在的な",3
somewhat ,"① どうにか,② その上,③ とにかく,④ いくぶん",4
interpret ,"① を意図する,② を解釈する,③ を調査する,④ を傷つける",2
translate ,"① を引き裂く,② を翻訳する,③ を輸送する,④ を乗り換える",2
concentrate ,"① を完成させる,② を複雑にする,③ （を）集中する,④ （と）不平を言う ",3
request ,"① に頼む,② を反映する,③ を減らす,④ を思い出す",1
criticize ,"① を比較する,② を選ぶ,③ を組織する,④ を批判する",4
overcome ,"① を提供する,② を克服する,③ を操作する,④ を組織する",2
obtain ,"① を維持する,② を操作する,③ を得る,④ を提供する",3
inform ,"① に言及する,② に近づく,③ に知らせる,④ に恥ずかしい思いをさせる ",3
ensure ,"① を確実にする,② をさらす,③ を稼ぐ,④ に遭遇する",1
announce ,"① 論評する,② を発音する,③ を発表［公表］する,④ をあばく",3
grant ,"① （人）を失望させる,② （人）に（許可・権利など）を与える,③ （人）を悩ます,④ （人）を保証 する",2
freeze ,"① 捜す,② 頼る,③ 凍る,④ 起こる",3
oppose,"① を提供する,② に気づく,③ と思う,④ に反対する",4
differ ,"① 減少する,② 異なる,③ 衰退する,④ 頼る",2
hate ,"① を解決する,② をひどく嫌う,③ を処理する,④ を隠す",2
emphasize ,"① を教育する,② を設立する,③ を予期する,④ を強調する",4
employ ,"① を強調する,② を雇う,③ を稼ぐ,④ を教育する",2
credit ,"① （功績など）を帰する,② に異議を唱える,③ と主張する,④ を批判する ",1
transform ,"① を変える,② を行う,③ を信頼する,④ を引き裂く",1
construct ,"① を建設する,② を混同する,③ を確認する,④ をつなぐ",1
arise ,"① 適応する,② 進歩する,③ 訴える,④ 生じる",4
beat ,"① に耐える,② を（法的に）禁止する,③ （を）認める,④ を打ち負かす ",4
regret ,"① を要請する,② を後悔する,③ を拒否する,④ を見なす",2
alter ,"① を変える,② を許す,③ を引きつける,④ を試みる",1
absorb ,"① を採用する,② を得る,③ を（…に）加える,④ を吸収する",4
disappoint ,"① を破壊する,② を区別する,③ を決定する,④ を失望させる",4
cure ,"① を納得［確信］させる,② を批判する,③ をつなぐ,④ を治す",4
transport ,"① を引き裂く,② を輸送する,③ を扱う,④ を変える",2
rush ,"① 存在する,② 苦しむ,③ 急いで行く,④ 捜す",3
hang ,"① を上げる,② を掛ける,③ を隠す,④ を引きずる",2
blame ,"① を責める,② を比較する,③ を当然のことと思う,④ に耐える",1
ban,"① に耐える,② を比較する,③ を責める,④ を（法的に）禁止する",4
fascinate ,"① を魅了する,② を論証する,③ を獲得する,④ を正当に評価する",1
recover ,"① 言及する,② 捜す,③ 回復する,④ 頼る",3
celebrate ,"① を結び付ける,② を祝う,③ と主張する,④ を比較する",2
manufacture ,"① をどうにか成し遂げる,② を得る,③ を製造する,④ を維持する",3
interact ,"① 振る舞う,② 適応する,③ 影響し合う,④ 増加する",3
arrange ,"① を宣伝する,② の段取りをつける,③ を許す,④ を調整する",2
adjust ,"① を宣伝する,② を援助する,③ を採用する,④ を調整する",4
confirm ,"① を確認する,② を完成させる,③ を複雑にする,④ を実施する",1
insight ,"① 規律,② 戦略,③ 見識,④ 選択",3
innovation ,"① 進歩,② 闘い,③ 兵器,④ 革新",4
budget ,"① 資本,② 予算,③ 利益,④ 業績",2
fee ,"① 経費,② 料金,③ 福祉,④ 資本",2
expense ,"① 数字,② 利益,③ 経費,④ 罰金",3
debt ,"① 偏見,② 借金,③ 程度,④ 予算",2
loan ,"① 貸付金,② 保険,③ 利益,④ 経費",1
duty ,"① 施設,② 責任,③ 義務,④ 詳細（な情報）",3
alarm ,"① 目的,② 説明,③ 内容,④ 不安",4
emergency ,"① 仮説,② 産業,③ 戦略,④ 緊急（事態）",4
democracy,"① 自治,② 貴族政治,③ 民間伝承,④ 民主主義",4
minister ,"① 氷河,② 大臣,③ 材料,④ 機関",2
fellow ,"① 悲しみ,② 仲間,③ 配偶者,④ 職業",2
candidate ,"① 大臣,② 連れ,③ 候補（者）,④ （試合・論争などの）相手",3
corporation ,"① 貿易,② 結果,③ 収入,④ （大）企業",4
stereotype ,"① 構造,② 考え方,③ 固定観念,④ 概念",3
route ,"① 計量,② 日課,③ 危険物,④ 道（筋）",4
disorder ,"① 距離,② 障害,③ 地平線,④ 幻想",2
depression ,"① 程度,② 責任,③ 憂うつ,④ 場合",3
weapon ,"① 脅威,② 兵器,③ 闘い,④ 戦略",2
immigration ,"① （他国からの）移民,② 生息地,③ 植民地,④ 想像（力）",1
barrier ,"① 闘い,② 脅威,③ 障壁,④ 罰金",3
disadvantage ,"① 回避,② 発見,③ 不利（な点）,④ 努力",3
mood ,"① 気分,② 勇気,③ 情熱,④ 評判",1
motion ,"① 動き,② 通行,③ 除去,④ 動機",1
routine ,"① 儀式,② 器具,③ 決まり切った仕事,④ 進歩",3
discipline ,"① 責任,② 施設,③ 規律,④ （感情などの）表れ",3
myth ,"① 想像（力）,② 作り話,③ 文学,④ 仮説",2
hypothesis ,"① 主張,② 見解,③ 仮説,④ 概念",3
physician,"① 著者,② 医師,③ 大臣,④ 秘書",2
client ,"① 居住者,② （職場の）同僚,③ 粘土,④ 顧客",4
colony ,"① 生息地,② 領土,③ 植民地,④ 地域",3
statistics ,"① 統計,② 特徴,③ 機関,④ 地位",1
grain ,"① 組織,② 粘土,③ 穀物,④ 収穫（物）",3
ingredient ,"① 材料,② 氷河,③ 内容,④ 個人",1
treasure ,"① 宝物,② 材料,③ 収穫（物）,④ 優先（事項）",1
contract ,"① 対照,② 内容,③ 契約（書）,④ （公）文書",3
welfare ,"① 知恵,② 福祉,③ 富,④ 療法",2
prime ,"① 原始的な,② 主要な,③ 芸術的な,④ 流ちょうな",2
curious ,"① 非常に数の多い,② 好奇心の強い,③ 忍耐強い,④ 心配して",2
dramatic ,"① 気が狂った,② 悲観的な,③ 劇的な,④ 異国風の",3
distinct ,"① 明らかに異なる,② 直接の,③ 微妙な,④ 適切な",1
anxious ,"① 確信して,② 巨大な,③ 意識して,④ 心配して",4
vital ,"① 十分な,② 適切な,③ 奇妙な,④ 必要不可欠な",4
conventional ,"① 化学の,② 従来の,③ 普通の,④ 政治（上）の",2
abstract ,"① 正確な,② 潜在的な,③ 民族の,④ 抽象的な",4
minor ,"① 独特の,② 重要でない,③ 巨大な,④ 価値がある",2
extraordinary ,"① 現代の,② 無礼な,③ 否定の,④ 並はずれた",4
stable,"① 等しい,② 安定した,③ 気が進まない,④ 明らかな",2
flexible ,"① 心配して,② 融通の利く,③ 正確な,④ 一時的な",2
brief ,"① 小さい,② 遠い,③ 簡潔な,④ 厚い",3
aggressive ,"① 私的な,② 認知の,③ 攻撃的な,④ 消極的な",3
visible ,"① 永続的な,② 正確な,③ 必要不可欠な,④ （目に）見える",4
unexpected ,"① 不自然な,② 心地のよくない,③ 不必要な,④ 思いがけない",4
ethnic ,"① 芸術的な,② 民族の,③ 家庭の,④ 言語の",2
alien ,"① 無関係で,② 同等の,③ 異質の,④ 精通した",3
initial ,"① 社会的な,② 遠く離れた,③ 初めの,④ 主要な",3
exact ,"① 極端な,② 邪悪な,③ 正確な,④ 厳格な",3
precise ,"① 重要な,② （人・規律などが）厳しい,③ 特定の,④ 正確な",4
latter ,"① 小さい,② 後者の,③ 私的な,④ 言語の",2
commit ,"① （～ oneselfで）自分自身を向上させる,② （～ oneselfで）自分の考えを表す,③ （～ oneselfで） 献身する,④ （～ oneselfで）無理をする",3
stimulate ,"① を刺激する,② を満足させる,③ を保存する,④ を広める",1
enhance ,"① （価値など）を高める,② を教育する,③ を危険にさらす,④ を従事させる ",1
pursue ,"① を出版する,② を証明する,③ を追求する,④ を購入する",3
react ,"① 頼る,② 言及する,③ 回復する,④ 反応する",4
disagree ,"① 不賛成である,② を見分ける,③ を落胆させる,④ と離婚する",1
stare ,"① 拡大する,② 判断する,③ じっと見る,④ 認める",3
abandon ,"① を採用する,② を吸収する,③ を捨てる,④ を（…に）加える",3
quit ,"① を当惑させる,② をやめる,③ を追求する,④ を浪費する",2
capture ,"① を結び付ける,② と命じる,③ をとらえる,④ を祝う",3
transfer ,"① を移す,② を捨てる,③ を翻訳する,④ を吸収する",1
bother ,"① を引きつける,② を責める,③ に耐える,④ を悩ます",4
persuade ,"① を説得する,② を予言［予測］する,③ を準備する,④ を許可する",1
rent ,"① を賃借りする,② を修理する,③ を表す,④ を取り除く",1
breed ,"① を悩ます,② を繁殖させる,③ を責める,④ を分ける",2
invest ,"① （を）調査する,② （を）投資する,③ （を）強く主張する,④ （を）判断する ",2
reserve ,"① を予約する,② を（…と）関連づける,③ を反映する,④ を減らす",1
trace ,"① （足跡・起源など）をたどる,② （を）判断する,③ （を）探検する,④ を準備する ",1
illustrate ,"① を無視する,② を特定する,③ を説明する,④ を暗に意味する",3
advise ,"① に忠告［助言］する,② を建てる,③ を手伝う,④ を賞賛する",1
convey ,"① を納得［確信］させる,② を比較する,③ を伝える,④ を消費する",3
attach ,"① を当然のことと思う,② を（取り）付ける,③ の段取りをつける,④ を試みる ",2
stretch ,"① を提案する,② を供給する,③ を伸ばす,④ を取り巻く",3
puzzle ,"① を追求する,② を出版する,③ を購入する,④ を当惑させる",4
disturb ,"① を失望させる,② を分ける,③ をささげる,④ をかき乱す",4
crash ,"① 寄与［貢献］する,② 競う,③ 衝突する,④ 捜す",3
cope ,"① うまく処理する,② 寄与する,③ 頼る,④ 衝突する",1
permit ,"① を許可する,② を知覚する,③ を予言［予測］する,④ を行う",1
impress ,"① を感動させる,② をまねる,③ を輸入する,④ を暗に意味する",1
suspect ,"① をどうにか成し遂げる,② を有効利用する,③ を正当に評価する,④ ではないかと思う ",4
upset ,"① を関与させる,② を浪費する,③ を動揺させる,④ を信頼する",3
frighten ,"① （人）を陥れる,② （人）を怖がらせる,③ （人）を破滅させる,④ （人）を触発する ",2
import ,"① を向上させる,② を特定する,③ を無視する,④ を輸入する",4
export ,"① （を）強く主張する,② （を）調査する,③ （を）認める,④ （を）輸出する ",4
investigate ,"① を特定する,② を指し示す,③ を調査する,④ を含む",3
monitor ,"① を提供する,② を監視する,③ を保持する,④ を制限する",2
calculate ,"① を結び付ける,② を計算する,③ を祝う,④ を捕らえる",2
eliminate ,"① を教育する,② を取り除く,③ を雇う,④ を強調する",2
ease ,"① を扱う,② を処理する,③ を軽減する,④ を稼ぐ",3
launch ,"① を開始する,② を区別する,③ を出版する,④ を捨てる",1
sequence ,"① 連続,② 連れ,③ 手続き,④ かたまり",1
therapy ,"① 療法,② 症状,③ 方法,④ 神経",1
symptom ,"① 憂うつ,② 症状,③ （銃弾・刃物などによる）傷,④ 神経",2
incident ,"① 出来事,② 問題（点）,③ 多様性,④ 洞察力",1
witness ,"① 犠牲（者）,② 犯罪者,③ 目撃者,④ 出来事",3
sum ,"① 保護,② 運命,③ （金）額,④ 統計",3
burden ,"① 予算,② 内容,③ 負担,④ 不安",3
tone ,"① 口調,② 調和,③ 土壌,④ 味覚",1
honor ,"① 光栄,② 利益,③ 収入,④ 情熱",1
award ,"① 不安,② 方法,③ 利益,④賞",4
priority ,"① 優先（事項）,② 大部分,③ 仮説,④ 施設",1
logic ,"① 分析（結果）,② 規律,③ 説明,④ 論理",4
minimum ,"① 大部分,② 最小限度,③ かたまり,④ 割合",2
exception ,"① 説明,② 経費,③ 証拠,④ 例外",4
clue ,"① 核心,② 原因,③ 手がかり,④ 規範",3
bond ,"① 勇気,② （試合・論争などの）相手,③絆,④ 情熱",3
virus ,"① ウイルス,② 汚染,③ 遺伝子,④ 犠牲（者）",1
surgery ,"① 表面,② （外科）手術,③ 外科医,④ 手続き",2
insurance ,"① 保険,② 器具,③ 物質,④ 予算",1
frame ,"①枠,② 方法,③跡,④ 問題",1
shelter ,"① 地域,② 避難（所）,③ 地区,④ 領土",2
territory ,"① 生息地,② 領土,③ 理論,④ 住宅地",2
boundary ,"① 境界（線）,② （物事の）側面,③ 半球,④ 表面",1
habitat ,"① 表面,② 地域,③ 習慣,④ 生息地",4
district ,"① 植民地,② 地区,③ 領土,④ 生息地",2
conservation ,"① （大）企業,② 保険,③ （動植物などの）保護,④ 義務",3
harvest ,"① 収穫（物）,② 産業,③ 害,④ 収入",1
predator ,"① 人質,② 悪夢,③ 年金,④ 捕食動物",4
trap ,"① 部族,② わな,③ ごみ,④ 干ばつ",2
trick ,"① 欠点,② 災害,③ こつ,④ 跡",3
fault ,"① 考え方,② 責任,③ （物事の）側面,④ 罰金",2
discount ,"① 予算,② 割合,③ 範囲,④ 割引",4
bias ,"① 範囲,② 自信,③ 偏見,④ 権利",3
cooperation ,"① 顧客,② （大）企業,③ （職場の）同僚,④ 協力",4
patent ,"① 先入観,② 悲劇,③ 特許（権）,④ 岩礁",3
dialogue ,"① 対話,② 直径,③ 叙述,④ 方言",1
component ,"① 優先事項,② 材料,③ 状況,④ 構成要素",4
reputation ,"① （本・製品などの）版,② 結果,③ 評判,④ 概念",3
verbal ,"① 現代の,② 言葉の,③ 法律の,④ 学問の",2
internal ,"① 内部の,② 外部の,③ 視覚の,④ 理性的な",1
solid ,"① しっかりした,② 独特の,③ 空白の,④ 男性の",1
remote ,"① 人の住まない,② とても小さな,③ 遠く離れた,④ 広大な",3
principal ,"① 潜在的な,② 無礼な,③ 以前の,④ 主要な",4
sophisticated ,"① 人工の,② 謙虚な,③ 高性能の,④ 聡明な",3
equivalent ,"① 正しい,② 等しい,③ 珍しい,④ 目新しい",2
rational ,"① 異常な,② 適切な,③ 理性的な,④ 基本的な",3
relevant ,"① 悪名高い,② 関係がある,③ 固体の,④ 2言語を使う",2
absolute ,"① 単なる,② 信用できる,③ 絶対的な,④ 偶然の",3
frequent ,"① 全般的な,② 即座の,③ 頻繁な,④ 聡明な",3
permanent ,"① 全体の,② 主要な,③ 永続的な,④ 全般的な",3
intense ,"① 強烈な,② 攻撃的な,③ 直接の,④ （人・規律などが）厳しい",1
meaningful ,"① 意味のある,② 不器用な,③ 誤った,④ 必要不可欠な",1
evil ,"① 暴力的な,② 否定の,③ 全体の,④ 邪悪な",4
extinct ,"① ばかげた,② 心配して,③ 絶滅した,④ 暴力的な",3
random ,"① 珍しい,② 無作為の,③ 陰気な,④ 生物学（上）の",2
raw ,"① 生の,② 乾燥した,③ 無礼な,④ 遺伝（子）の",1
rude ,"① （人・規律などが）厳しい,② 否定の,③ 誤った,④ 無礼な",4
mere ,"① 単なる,② とても小さな,③ 非常に数の多い,④ わずかな",1
tropical ,"① 人の住まない,② 典型的な,③ 熱帯の,④ 視覚の",3
forth ,"① すばやく,② 昔は,③ 前へ,④ 内部の",3
possess ,"① を妨げる,② を所有している,③ を準備する,④ を保持する",2
dominate ,"① を失望させる,② を分ける,③ を疑う,④ を支配する",4
guarantee ,"① を保持する,② を処理する,③ を保証する,④ を提供する",3
melt ,"① 流れる,② 凍る,③ 溶ける,④ 起こる",3
embarrass ,"① に気づく,② に恥ずかしい思いをさせる,③ について述べる,④ に遭遇する ",2
discourage ,"① について述べる,② に異議を唱える,③ を励ます,④ （人）にやる気をなくさせる ",4
detect ,"① を否定する,② を感知する,③ を決定する,④ を破壊する",2
devote ,"① を区別する,② を失望させる,③ をささげる,④ を決定する",3
urge ,"① に影響を及ぼす,② に（強く）促す,③ に気づく,④ に近づく",2
lend ,"① を援助する,② を処理する,③ を稼ぐ,④ を貸す",4
restrict ,"① を明らかにする,② を制限する,③ を浪費する,④ を決定する",2
isolate ,"① を指し示す,② を含む,③ を向上させる,④ を孤立させる",4
accompany ,"① を得る,② に同行する,③ に近づく,④ に影響を及ぼす",2
exhaust ,"① を教育する,② を予期する,③ を疲れ果てさせる,④ を調べる",3
annoy ,"① を悩ます,② を引きつける,③ を許す,④ を責める",1
endanger ,"① を強調する,② を励ます,③ を教育する,④ を危険にさらす",4
acknowledge ,"① を吸収する,② を捨てる,③ に同行する,④ （事実など）を認める",4
admire ,"① に敬服［感心］する,② を調整する,③ を採用する,④ を認める",1
evaluate ,"① を調べる,② を教育する,③ を評価する,④ を疲れ果てさせる",3
declare ,"① を要求する,② を定義する,③ を配達する,④ を宣言する",4
secure ,"① を選ぶ,② を解決する,③ を追い求める,④ を確保する",4
specialize ,"① 流れる,② 起こる,③ 専門とする,④ 縮む",3
attribute ,"① （…に）出席する,② を避ける,③ を引きつける,④ （結果など）を帰する ",4
pretend ,"① に出席する,② の方を好む,③ （の）ふりをする,④ を表す",3
bury ,"① を埋める,② を責める,③ を飼育する,④ を悩ます",1
reverse ,"① を保持する,② を制限する,③ を明らかにする,④ を逆転させる",4
resist ,"① に取って代わる,② に似ている,③ に思い出させる,④ に抵抗する",4
scare ,"① を共有する,② を追い求める,③ を広める,④ をおびえさせる",4
imitate ,"① を輸入する,② を無視する,③ をまねる,④ を暗に意味する",3
assist ,"① （に）近づく,② の段取りをつける,③ と主張する,④ （を）援助する ",4
resemble ,"① に似ている,② に取って代わる,③ に適する,④ に思い出させる",1
retire ,"① 引退する,② 現れる,③ 発展する,④ 利益を得る",1
neglect ,"① を反映する,② をおろそかにする,③ を実施する,④ を引きつける",2
collapse ,"① 寄与する,② 競う,③ 崩壊する,④ 衝突する",3
reform ,"① を克服する,② を押しつぶす,③ を構成する,④ を改革する",4
protest ,"① 言及する,② 進歩する,③ 適応する,④ （に）抗議する",4
owe ,"① に反対する,② に借りがある,③ に気づく,④ に近づく",2
sustain ,"① ではないかと思う,② を取り巻く,③ を調査する,④ を持続させる",4
assign ,"① を逮捕する,② を割り当てる,③ に賛成する,④ を回転させる",2
accomplish ,"① を成し遂げる,② に同行する,③ を捨てる,④ を吸収する",1
wisdom ,"① 理論,② 考え,③ 主張,④ 知恵",4
literacy ,"① 陰謀,② 海賊行為,③ 読み書きの能力,④ 文学",3
heritage ,"① 刑務所,② 遺産,③ 暴政,④ 墓",2
mission ,"① 状況,② 儀式,③ 戦略,④ 使命",4
license ,"① 免許（証）,② 契約（書）,③ （公）文書,④ 記事",1
elite ,"① 時代,② 大臣,③ エリート,④ 個人",3
layer ,"① 著者,② 層,③ 弁護士,④ 細胞",2
motor ,"① 運動,② モーター,③ 磁石,④ 動機",2
protein ,"① たんぱく質,② 割合,③ 材料,④ 物質",1
profession ,"① 著者,② 住民,③ エリート,④ 職業",4
editor ,"① 個人,② 仲介者,③ 編集者,④ エリート",3
agent ,"① 目撃者,② 犠牲（者）,③ 仲介者,④ 犯罪者",3
globe ,"① 地球；世界,② 環境,③ 大気,④ 人類",1
haven ,"① 国籍,② 植民地,③ 議会,④ 避難所",4
row ,"① 光線,② 害,③ 層,④ 列",4
sacrifice ,"① 指示,② 犠牲,③ 種,④ 憂うつ",2
means ,"① 法律,② 潮（の干満）,③ 手段,④ 忠誠",3
session ,"① 集まり,② （社会的な）慣習,③ 構成要素,④ 連れ",1
league ,"① （牛などの）群れ,② 部類,③ 陪審（員団）,④ （競技）連盟",4
contest ,"① 比較,② コンテスト,③ 支配,④ 証言",2
guard ,"① 目撃者,② 警備員,③ 大臣,④ 内科医",2
opponent ,"① 指示,② （試合・論争などの）相手,③ 機会,④ 使命",2
glance ,"① 保険,② 医薬,③ ちらっと見ること,④ 氷河",3
divorce ,"① 離婚,② 悲劇（的な事件）,③ 同情,④ 争い",1
tissue ,"① 細胞,② （生物の）組織,③ 遺伝子,④ 哺乳動物",2
liquid ,"① 大気,② 材料,③ 資源,④ 液体",4
inequality ,"① 狂気,② 免除,③ 欠陥,④ 不平等",4
prejudice ,"① （書物などの）論評,② 犠牲,③ 偏見,④ 評判",3
justice ,"① 平等,② 結果,③ 使命,④ 公正",4
guideline ,"① 指針,② 高名,③ 衰退,④ 熟慮",1
platform ,"① 情報,② 地震,③ プラットフォーム,④ 案内",3
sector ,"① 位置,②郡,③ （社会・経済などの）部門,④ 秘書",3
channel ,"① 足跡,② チャンネル,③ 近所,④ 共同体",2
glacier ,"① 氷河,② 粘土,③ （社会的・文化的）性別,④ 表面",1
primate ,"① 原理,② 哺乳動物,③ とかげ,④ 霊長目の動物",4
usage ,"① （使）用法,② 状況,③ 構造,④ 多様性",1
fortune ,"①刃,② 財産,③ 物質,④列",2
correlation ,"① 救済,② 建設,③ 相互関係,④ 認識",3
artistic ,"① 謙虚な,② 芸術的な,③ 文学の,④ 人工の",2
literary ,"① 並の,② ありそうな,③ 必要な,④ 文学の",4
classic ,"① 悲惨な,② 古典派の,③ 悲観的な,④ 第一級の",4
liberal ,"① 自由主義の,② 電気の,③ 自然な,④ 普通の",1
concrete ,"① 具体的な,② 遺伝（子）の,③ 敵意のある,④ 全体的な",1
slight ,"① 原始的な,② 初めの,③ わずかな,④ 非常に数の多い",3
federal ,"① 政治（上）の,② 身体の,③ 民族の,④ 連邦（政府）の",4
primitive ,"① 民族の,② 潜在的な,③ 主要な,④ 原始的な",4
unfamiliar ,"① 不慣れな,② 不確実な,③ すぐれた,④ 不規則な",1
subtle ,"① 奇妙な,② 微妙な,③ 最も重要な,④ 垂直の",2
plain ,"① 確信して,② 明らかな,③ 全般的な,④ 外部の",2
marine ,"① 海の,② 軍の,③ 人の住まない,④ 熱帯の",1
apparent ,"① 気が進まない,② 何気ない,③ 明白な,④ 流ちょうな",3
reluctant ,"① 絶え間ない,② 気が進まない,③ 信じられない,④ 明らかに異なる",2
temporary ,"① 一時的な,② 人の住まない,③ 頻繁な,④ 永続的な",1
guilty ,"① 攻撃的な,② 罪悪感のある,③ 邪悪な,④ 無礼な",2
royal ,"① 政治（上）の,② 民族の,③ 王の,④ 連邦（政府）の",3
pure ,"① 純粋な,② 邪悪な,③ 好奇心の強い,④ 無礼な",1
incredible ,"① 強烈な,② 初めの,③ 信じられない,④ 即座の",3
eager ,"① 強烈な,② 好奇心の強い,③ 安定した,④ 熱望して",4
adequate ,"① 注目に値する,② 強烈な,③ 十分な,④ 言葉の",3
via ,"① を通り抜けて,② ～経由で,③ の下に,④ に沿って",2
assess ,"① を後悔する,② をこぼす,③ を解決する,④ を評価する",4
approve ,"① 訴える,② 適応する,③ 生じる,④ 賛成する",4
remark ,"① に同行する,② に促す,③ と推定する,④ と述べる",4
pose ,"① を注ぐ,② を賞賛する,③ （危険）を引き起こす,④ を積み重ねる",3
yield ,"① をもたらす,② を浪費する,③ を扱う,④ を動揺させる",1
exhibit ,"① を示す,② を調べる,③ を予期する,④ を疲れ果てさせる",1
distribute ,"① を区別する,② を失望させる,③ をささげる,④ を分配する",4
command ,"① をじっと見る,② を命じる,③ と結論づける,④ を比較する",2
occupy ,"① （空間・時間）を占める,② （機械）を操作する,③ （機会）を提供する,④ （機会）を得る ",1
pop ,"① を切り落とす,② を投げる,③ 跳ねる,④ ひょいと動く",4
pile ,"① を許可する,② を積み重ねる,③ を説得する,④ を準備する",2
greet ,"① に挨拶する,② に影響を与える,③ を伸ばす,④ を募る",1
apologize ,"① 謝る,② に出席する,③ を責める,④ に近づく",1
frustrate ,"① をいら立たせる,② を触発する,③ をびっくりさせる,④ を怖がらせる ",1
relieve ,"① を要請する,② を和らげる,③ を罰する,④ を表す",2
derive ,"① 由来する,② 頼る,③ 衰退する,④ 減少する",1
deserve ,"① について述べる,② に値する,③ に遭遇する,④ に異議を唱える",2
peer ,"① （…を）判断する,② じっと見る,③ 強く主張する,④ （…を）認める ",2
defeat ,"① を宣言する,② を負かす,③ を防御する,④ を定義する",2
convert ,"① を消費する,② を伝える,③ を変える,④ を含む",3
wed ,"① を養う,② を宣言する,③ と結婚する,④ を丸める",3
delight ,"① を配達する,② を要求する,③ を否定する,④ を喜ばせる",4
boost ,"① を撤回する,② を掃く,③ を許可する,④ を押し上げる",4
endure ,"① に耐える,② を従事させる,③ を危険にさらす,④ に遭遇する",1
correspond ,"① 溺死する,② 一致する,③ 代理を務める,④ 祝う",2
impose ,"① を輸入する,② を課す,③ を感動させる,④ を向上させる",2
rescue ,"① を救う,② を表す,③ を解決する,④ を要請する",1
resolve ,"① を要求する,② を制限する,③ を解決する,④ を尊敬する",3
register ,"① を少なくする,② を記録する,③ を思い出す,④ を所有している",2
interrupt ,"① を意図する,② を傷つける,③ を中断させる,④ を調査する",3
rid ,"① を隠す,② を引きずる,③ を発揮する,④ から取り除く",4
prohibit ,"① を生産する,② を促進する,③ を除去する,④ を禁止する",4
compose ,"① を構成する,② を比較する,③ を複雑にする,④ を完成させる",1
misunderstand ,"① （を）支配する,② （を）操作する,③ （を）付け足す,④ （を）誤解する ",4
punish ,"① を追求する,② を当惑させる,③ を購入する,④ を罰する",4
ruin ,"① を反映する,② を逆転させる,③ を制限する,④ をだめにする",4
defend ,"① を定義する,② を防御する,③ を要求する,④ を宣言する",2
embrace ,"① を強調する,② を教育する,③ に恥ずかしい思いをさせる,④ を受け入れる ",4
modify ,"① に知らせる,② の気分を害する,③ を採用する,④ を修正する",4
qualify ,"① （人）に資格を与える,② （の位置を）探し当てる,③ を従事させる,④ を取り入れる ",1
passion ,"① 情熱,② 勇気,③ 知恵,④ 使命",1
enthusiasm ,"① 熱情,② 光栄,③ 不安,④ 信頼",1
phase ,"① ごみ,② 感謝（の気持ち）,③ 段階,④ 瀬戸際",3
mode ,"① 料金,② 方式,③ 傾向,④ ことわざ",2
span ,"① 程度,② 同情,③ 期間,④ 内容",3
gravity ,"① 重力,② 焦点,③ 洞察力,④ 大気",1
orbit ,"① 細胞,② 軌道,③ 遺伝子,④ 小惑星",2
asteroid ,"① 環境,② 表面,③ 半球,④ 小惑星",4
core ,"① 原因,② 核心,③ 細胞,④ 内容",2
soul ,"① 分子,② 精神,③ 全乗務員,④ 暴徒",2
nerve ,"① 神経,② 細胞,③ 遺伝子,④ 臓器",1
infection ,"① （草木の）茎,② 国境,③ 感染（症）,④ 制裁",3
mall ,"① 製粉所,② モール,③ 舞台,④ 男性",2
grocery ,"① 農業,② 収穫（物）,③ 食料雑貨,④ 穀物",3
humor ,"① 余暇,② 様式,③ ユーモア,④ 人間",3
instinct ,"① 目的,② 本能,③ 収入,④ 利点",2
faith ,"① 興味,② 影響（力）,③ 信頼,④ 運命",3
courage ,"① 公正,② 知恵,③ 闘い,④ 勇気",4
incentive ,"① 噴霧（液）,② 寄贈者,③ アンケート,④ 動機（づけ）",4
prospect ,"① 進歩,② 仮説,③ 野望,④ 見込み",4
obstacle ,"① 影響,② 論評,③ 偏見,④ 障害（物）",4
architecture ,"① 建築,② 機関,③枠,④ 施設",1
stem ,"① 核心,② 細胞,③ 軌道,④ （草木の）茎",4
illusion ,"① 錯覚,② 著者,③ 証拠,④ 影響",1
discrimination ,"① 偏見,② 差別,③ 評判,④ 規律",2
shame ,"① 弁護士,② 避難所,③ 皮肉,④恥",4
drought ,"① 脅威,② 災害,③ 干ばつ,④ 表面",3
flavor ,"① 職業,② 方法,③ 虐殺,④ 風味",4
portion ,"① 気晴らし,② 悲劇（的な事件）,③ 部分,④ 遺伝",3
recipe ,"① 方法,② 調理法,③ （社会の）慣習,④ 手続き",2
luxury ,"① 利益,② 収入,③ ぜいたく（品）,④量",3
chip ,"① わな,② 小片,③ 煙突,④ 大きな塊",2
ritual ,"① 儀式,② 材料,③ 光景,④ 権利",1
sake ,"① （for the ～ ofで）の場合に,② （for the ～ ofで）のすべて,③ （for the ～ ofで）のために,④ （for the ～ ofで）の一部",3
prefecture ,"① （日本の）県,② 地域,③ 実験室,④ 植民地",1
council ,"① 裁判所,② （地方）議会,③ 大臣,④ 地区",2
administration ,"① 負担,② 分析（結果）,③ 仲介者,④ 管理（部）",4
curriculum ,"① 日課,② 教育課程,③ 演壇,④ 予定",2
precious ,"① 非常に数の多い,② 以前の,③ ひょうきんな,④ 貴重な",4
generous ,"① 寛大な,② 敏感な,③ 民主主義の,④ 硬直した",1
casual ,"① 意識して,② 体を使う,③ 何気ない,④ 相互の",3
optimistic ,"① 1年間の,② 意識して,③ 頑固な,④ 楽観的な",4
rough ,"① 粗い,② 単純な,③ 典型的な,④ 精通している",1
unpleasant ,"① 不愉快な,② 不器用な,③ 緊急の,④ 不自然な",1
Arctic ,"① 典型的な,② 北極の,③ 遠く離れた,④ いたずらな",2
ultimate ,"① 極端な,② 独特の,③ 普遍的な,④ 究極の",4
deaf ,"① 耳が聞こえない,② 自発的な,③ 基本的な,④ 化学の",1
genuine ,"① 言語の,② 正確な,③ 高名な,④ 本物の",4
manual ,"① 体［手］を使う,② 似ている,③ 公式の,④ 特定の",1
mechanical ,"① 重要な,② 視覚の,③ 障がいのある,④ 機械の",4
instant ,"① 絶え間ない,② 即時の,③ 一定の,④ かすかな",2
spare ,"① 民族の,② 空白の,③ 人工の,④ 余分",4
immune ,"① 途方もない,② 悪意のある,③ 内部の,④ 免疫を持つ",4
harsh ,"① 法律の,② 邪悪な,③ 厳しい,④ まじめな",3
collective ,"① 神聖な,② 集団の,③ 精神の,④ 暴力的な",2
inevitable ,"① 熟した,② 広範囲にわたる,③ 避けられない,④ 全体の",3
profound ,"① 重大な,② 言語の,③ 潜在的な,④ きちんとした",1
steady ,"① 軍の,② 固体の,③ 着実な,④ 成熟した",3
mature ,"① 洗練された,② 謙虚な,③ 聡明な,④ 成熟した",4
likewise ,"① 結局は,② それゆえに,③ 同様に,④ その代わりに",3
chase ,"① （の位置を）探し当てる,② （と）述べる,③ （を）追跡する,④ （を）取り戻す ",3
sue ,"① を保存する,② を告訴する,③ を提案する,④ を供給する",2
gaze ,"① 捕まる,② じっと見る,③ 磨く,④ 混乱する",2
slip ,"① をすくい取る,② 滑る,③ ぐつぐつ煮える,④ 流れる",2
load ,"① に出席する,② に近づく,③ について述べる,④ に積む",4
overwhelm ,"① を操作する,② を圧倒する,③ を中断させる,④ をまねる",2
wander ,"① 歩き回る,② 修繕する,③ 耐える,④ 驚く",1
float ,"① 現れる,② 流れる,③ 起こる,④ 漂う",4
pour ,"① を積み重ねる,② を所有している,③ を注ぐ,④ を許可する",3
substitute ,"① を代わりに使う,② に取って代わる,③ を責める,④ を保持する",1
pronounce ,"① をひどく嫌う,② を正当化する,③ を発音する,④ を追加す",3
shrink ,"① 捜す,② 反応する,③ 縮む,④ 苦しむ",3
restore ,"① を制限する,② を明らかにする,③ を保持する,④ を回復させる",4
trigger ,"① を追求する,② を組織する,③ を引き起こす,④ を修正する",3
grab ,"① をつかむ,② を賃借りする,③ を批判する,④ を押し込む",1
retain ,"① を回復させる,② を保持する,③ を制限する,④ を明らかにする",2
reproduce ,"① を描く,② を複製する,③ に頼る,④ に積む",2
bob ,"① 吠える,② を爆撃する,③ 生き返る,④ 上下に動く",4
entertain ,"① を設立する,② を確実にする,③ を楽しませる,④ を教育する",3
interfere ,"① 統合する,② 干渉する,③ 感嘆する,④ 教育する",2
cultivate ,"① を結び付ける,② をささげる,③ を利用する,④ を養う",4
underlie ,"① の根底にある,② を選出する,③ を感動させる,④ を雇う",1
anticipate ,"① を予期する,② から成る,③ をまき散らす,④ を逆転させる",1
justify ,"① を正当化する,② を破壊する,③ を特定する,④ を孤立させる",1
regulate ,"① を密閉する,② を賞賛する,③ を規制する,④ を（強く）たたく",3
scan ,"① を走査［スキャン］する,② を引きずる,③ をびっくりさせる,④ を確保する ",1
classify ,"① を捕らえる,② を噛む,③ を計算する,④ を分類する",4
submit ,"① を提出する,② を吐き出す,③ （光・音など）を出す,④ を混同する",1
pause ,"① を避ける,② （一時的に）中止する,③ を終わらせる,④ を破壊する",2
lean ,"① 規制する,② 傾く,③ 学ぶ,④ 困惑す",2
bump ,"① に変化する,② に乗り込む,③ に押し入る,④ ぶつかる",4
fold ,"① を伸ばす,② を分ける,③ を折り畳む,④ を獲得する",3
hesitate ,"① 怒る,② 混乱する,③ 躊躇する,④ 流れる",3
pump ,"① （液体・気体）をポンプで送り込む,② を吸収する,③ を運ぶ,④ を刺激する ",1
mount ,"① を調査する,② を据えつける,③ を切る,④ を尊敬する",2
exceed ,"① を失望させる,② を思いつく,③ を正当に評価する,④ を超える",4
undergo ,"① を経験する,② を取り除く,③ を移植する,④ のふりをする",1
confront ,"① について述べる,② に耐える,③ に立ち向かう,④ に相談する",3
consult ,"① に立ち向かう,② に異議を唱える,③ （に）相談する,④ について述べる ",3
fulfill ,"① を実現させる,② を持ち上げる,③ を獲得する,④ を計算する",1
privilege ,"① 手がかり,② （人・動物の）肉,③ （政策上の）主義,④ 特権",4
formation ,"① 形成,② 概念,③ 内容,④ 施設",1
dimension ,"① 側面,② 大災害,③ 祝宴,④ 離婚",1
neuron ,"① 電子,② ニューロン,③ 精神,④ 栄養",2
sensation ,"① 野望,② 考え方,③ 感覚,④ 障壁",3
chart ,"① 経路,② 図,③ 慈善,④ 部屋",2
geography ,"① 地理,② 氷河,③ 生息地,④ 県",1
panel ,"① 運河,② 窓ガラス,③ れんが,④ （専門家の）一団",4
semester ,"① 大臣,② 10年間,③ 時代,④ （2学期制の）学",4
workforce ,"① トレーニング,② 力,③ 労働人口,④ 施行",3
mill ,"① 恐怖,② 暴動,③ 借金,④ 製造工場",4
abuse ,"① 乱用,② 原因,③ 一致,④ 説明",1
vice ,"① 特性,② 憂うつ,③ 苦痛,④ （道徳上の）悪",4
fate ,"① 運命,② 化石,③ 燃料,④ 焦点",1
tragedy ,"① 哀れみ,② 悲劇（的な事態）,③ 危機,④ 同情",2
scenario ,"① 風景,② （予想される）筋書き,③ アトリエ,④ 球場",2
allergy ,"① アレルギー,② 悲劇,③ エネルギー,④ 厄介もの",1
wound ,"① （生物の）組織,② （銃弾・刃物などによる）傷,③ 遺伝子,④ 神経",2
antibiotic ,"① 抗生物質,② 伝記,③ 予期,④ 抵抗",1
vaccine ,"① ワクチン,② バクテリア,③ 薬,④ 廃物",1
metaphor ,"① 名声,② 隠喩,③ しるし,④ 利点",2
folk ,"① 人々,② 居住者,③ フォーク,④ 積み荷",1
fare ,"① 予算,② 負担,③ 割引,④ （乗り物の）料金",4
transition ,"① 調理法,② 移り変わり,③ 断片,④ 回想",2
maximum ,"① 禁忌,② 緊急（事態）,③ 最大限,④ 混沌",3
galaxy ,"① 小惑星,② 半球,③ 星雲,④ 軌道",3
mineral ,"① 資源,② 収穫（物）,③ 鉱物,④ 材料",3
skeleton ,"① 骨格,② 化石,③ （社会的・文化的）性別,④ 遺伝",1
counterpart ,"① 相当する物［人］,② 宝物,③ 計量,④ 歩行者",1
stroke ,"① 狼狽,② 感情,③ 緊急（事態）,④ 脳卒中",4
pedestrian ,"① 血管,② 歩行者,③ 陪審（員団）,④ 余剰",2
trail ,"① 虫,② （青少年の）非行,③ 国籍,④ （野山などの）小道",4
ecology ,"① 生態学,② 経済,③ 哲学,④ 心理学",1
sibling ,"① 陪審（員団）,② きょうだい（の1人）,③ 乳児,④ 人類",2
ratio ,"① 車両,② 貿易,③ 司書,④ 比率",4
mixture ,"① 下書き,② 混合（物）,③ いたずら,④ （地方）議会",2
charm ,"① 魅力,② 能力,③ 料金,④ 特徴",1
ambition ,"① 願望,② 偏見,③ 信頼,④ 自信",1
prominent ,"① 代わりの,② いとわない,③ 卓越した,④ 2言語を使う",3
radical ,"① 急進的な,② 小売の,③ 学問の,④ 軍の",1
prompt ,"① 即座の,② 緊張した,③ 合理的な,④ 妖精のような",1
informal ,"① 柔軟な,② 融通の利く,③ 人の住まない,④ 形式ばらない",4
mutual ,"① 相互の,② 言葉の,③ 相対的な,④ 反対の",1
neutral ,"① 広大な,② 猛烈な,③ 中立の,④ 核の",3
alert ,"① 警戒して,② 純然たる,③ 純粋な,④ 適切な",1
magnetic ,"① 磁気の,② 妊娠している,③ 壮大な,④ 動的な",1
polar ,"① きちんとした,② 普遍的な,③ 熱帯の,④ 極地",4
fluent ,"① 明らかな,② ひょうきんな,③ さまざまな,④ 流ちょうな",4
external ,"① 実際の,② 外部の,③ 市民の,④ 都市の",2
passive ,"① 聡明な,② 初級の,③ 受動的な,④ 忠実な",3
awful ,"① ひどい,② 理想的な,③ 恥じて,④ 成熟した",1
unrelated ,"① 幽霊の出る,② 読み書きができない,③ 無関係の,④ 消耗した",3
cruel ,"① 故意の,② 残酷な,③ 珍しい,④ 活動的な",2
fake ,"① 市民の,② 融通の利く,③ 実際の,④ 偽の",4
vulnerable ,"① 活動的な,② （攻撃などに）弱い,③ 二次的な,④ 価値がある",2
urgent ,"① 緊急の,② 相対的な,③ 妊娠した,④ 家庭の",1
spiritual ,"① 精神の,② 理性的な,③ 時間を守る,④ 違法の",1
modest ,"① よりすぐれた,② 謙虚な,③ 積極的な,④ さまざまな",2
keen ,"① 創造的な,② 合理的な,③ 熱心な,④ 穏やかな",3
nonetheless ,"① 著しく,② それゆえに,③ それにもかかわらず,④ ついでながら",3
negotiate ,"① 訴える,② 適応する,③ 交渉する,④ 振る舞う",3
grasp ,"① を取り去る,② を貸す,③ を責める,④ を把握［理解］する",4
donate ,"① を提出する,② を誘拐する,③ を寄付する,④ を関係させる",3
arrest ,"① と主張する,② の段取りをつける,③ を逮捕する,④ に近づく",3
crack ,"① 衰退する,② ひびが入る,③ 磨く,④ 流れる",2
tap ,"① （を）認める,② を調査する,③ （を）飲み込む,④ を軽くたた",4
split ,"① を取り巻く,② （人）を慣れさせる,③ を採用する,④ を分割する",4
forecast ,"① をかき回す,② （空間・時間）を占める,③ 頼る,④ を予想［予測］する ",4
exclude ,"① を尋ねる,② をさらす,③ に借りがある,④ を除外する",4
overlook ,"① を見落とす,② （を）強く主張する,③ を飼育する,④ を施行する",1
burst ,"① 破裂する,② 悩む,③ 予測する,④ 消化する",1
heal ,"① を悪化させる,② と命じる,③ を持つ余裕がある,④ （人・傷など）を治す ",4
forbid ,"① を納得させる,② を禁じる,③ を（巧みに）操る,④ を投資する",2
install ,"① （意見など）を退ける,② をだめにする,③ を所有している,④ をインストールする ",4
diminish ,"① を噛む,② と叫ぶ,③ を減らす,④ を移す",3
cite ,"① を引き合いに出す,② を購入する,③ を補償する,④ （人）に警告する ",1
quote ,"① を共有する,② をやめる,③ を引用する,④ を浪費する",3
dispute ,"① について述べる,② に立ち向かう,③ に値する,④ に異議を唱える",4
highlight ,"① を目立たせる,② を刺激する,③ を怠る,④ を教化する",1
distract ,"① を製造する,② を精製する,③ （注意など）をそらす,④ （事件など）を解決する ",3
cheat ,"① を区別する,② をだます,③ を打つ,④ を限定する",2
foster ,"① を試みる,② をはぐくむ,③ を結び付ける,④ を得る",2
obey ,"① を暴く,② に適する,③ を解釈する,④ に従う",4
bend ,"① を曲げる,② を責める,③ に耐える,④ を（法的に）禁止する",1
deprive ,"① をだめにする,② を確認する,③ （人）に切に頼む,④ から（権利などを）奪",4
govern ,"① （を）拡大する,② （を）強く主張する,③ （を）統治する,④ （を）調査する ",3
log ,"① （～ onで）依存する,② （～ onで）伐採する,③ （～ onで）ログオンする,④ （～ onで）最新の 情報に更新する",3
transmit ,"① に反対する,② （問題など）を提起する,③ を伝える,④ 通勤する",3
bully ,"① をいじめる,② を侮辱する,③ を拡大する,④ を（うまく）処理する",1
leap ,"① 跳ぶ,② 反応する,③ 流れる,④ 頼る",1
astonish ,"① を配達する,② に偶然出会う,③ を更新する,④ を驚かす",4
thrill ,"① を詰め込む,② を認める,③ をぞくぞくさせる,④ に恥ずかしい思いをさせる ",3
nod ,"① 拡大する,② うなずく,③ 取り出す,④ 反応する",2
bow ,"① 衰退する,② 呼吸する,③ おじぎする,④ 振る舞う",3
blend ,"① を援助する,② を調整する,③ を主張する,④ を混ぜる",4
complicate ,"① を消費する,② を納得［確信］させる,③ を管理する,④ を複雑にする ",4
pitch ,"① を支配する,② を集中させる,③ を投げる,④ を進める",3
persist ,"① （液体が）流れる,② 続く,③ 参加する,④ 磨く",2
dedicate ,"① を（法的に）禁止する,② を飢えさせる,③ を専門とする,④ をささげる ",4
equip ,"① に備えつける,② ではないかと思う,③ に遭遇する,④ をやめる",1
premise ,"① 放射能,② 手続き,③ 国勢調査,④ 前提",4
input ,"① 入力（情報）,② 脚本,③ 洞察,④ 収入",1
merit ,"① 結果,② 魅力,③ 利点,④ 進歩",3
sympathy,"① 同情,② 不安,③ 目的,④ 絆",1
compliment ,"① 欠点,② 賛辞,③ 共和国,④ 鉱物",2
infrastructure ,"① 洗面器,② 窮状,③ インフラ,④ 窃盗（罪）",3
ray ,"① 氷河,② 範囲,③ 価値,④ 光線",4
distress ,"① 苦悩,② 令状,③ 悲しみ,④ 形成",1
joint ,"① 関節,② 崇拝,③ 偏見,④ 虫歯（の穴）",1
expedition ,"① （関係）当局,② 遠征（隊）,③ 収穫（物）,④ 管理（部）",2
adolescent ,"① 青年,② 類推,③ 指標,④ 栄養（の摂取）",1
shade ,"① 人類,② （日）陰,③ 厄介な人,④ 診断",2
jury ,"① 著者,② 秘書,③ 陪審（員団）,④ 仲介者",3
ethic ,"① 倫理,② 気風,③ 長所,④ 強調",1
penalty ,"① 合図,② 伝記,③ （刑）罰,④ 気分",3
faculty ,"① 記憶力,② 調理法,③ 神経,④ 能力",4
scheme ,"① 経費,② 証拠,③ 予算,④ 計画",4
nutrition ,"① 収穫（物）,② 作物,③ 栄養（の摂取）,④ 構成要素",3
particle ,"① 会話,② （左右）対称,③ 候補（者）,④ （微）粒子",4
molecule ,"① 分子,② 細胞,③ 材料,④ 遺伝子",1
nationality ,"① 個性,② 国籍,③ 地域,④ 大部分",2
poll ,"① 統合,② 世論調査,③ 光栄,④ 貴族（社会）",2
clinic,"① 患者,② 実験室,③ 診療所,④ 病棟",3
dementia ,"① 認識,② 不眠症,③ 認知症,④ 精神力",3
fatigue ,"① 障害（物）,② 逸話,③ 疲労,④ 奴隷制度",3
dilemma ,"① 高名,② ジレンマ,③ 距離,④ 方向",2
queue ,"① 実験,② 信頼,③ （順番を待つ）列,④ （社会的・文化的）性別",3
curve ,"① 洞くつ,② 球体,③ 器具,④ （道路などの）カーブ",4
narrative ,"① 物語,② 皮質,③ 協力,④ 出現",1
fingerprint ,"① 指紋,② 獲物,③ 集団,④ 料金",1
file ,"① ファイル,② ちらし,③ 書類,④ パンフレット",1
wilderness ,"① 妄想,② 国籍,③ （青少年の）非行,④ 荒野",4
pesticide ,"① 犠牲,② 作物,③ 殺虫剤,④ わな",3
panic ,"① 脅威,② パニック（状態）,③ 負担,④ 不安",2
fabric ,"① 織物,② （漠然と）物,③ 結び目,④ 締め切り",1
fantasy ,"① 航空（学）,② 空想,③ 商業,④ 本能",2
fancy ,"① 露店,② 星雲,③ （官庁の）局,④ （気まぐれな）好み",4
virtue ,"① 郡,② きょうだい,③ 美徳,④ 日食",3
grateful ,"① 特定の,② 際立った,③ 絶え間ない,④ 感謝している",4
valid ,"① 妥当な,② 徐々の,③ 認知の,④ 明白な",1
elaborate ,"① 鮮やかな,② 普遍的な,③ 目新しい,④ 入念な",4
moderate,"① 適度な,② 熱い,③ 異常な,④ 親密な",1
dynamic ,"① 活動的な,② 肥満した,③ 主要な,④ 実際の",1
brave ,"① 認知の,② 即座の,③ 勇敢な,④ 厳しい",3
brilliant ,"① （何もせずに）ぶらぶらしている,② 厳格な,③ 小さい,④ すばらしい ",4
tremendous ,"① 大部分の,② 途方もない,③ 免疫を持つ,④ 聡明な",2
oral ,"① 人の住まない,② 口頭の,③ 膨大な,④ 反対の",2
innocent ,"① 極端な,② 無罪の,③ 流ちょうな,④ 帝国の",2
subsequent ,"① その後の,② 田舎の,③ 飼いならされた,④ 民族の",1
shallow ,"① 究極の,② 不可欠な,③ 浅い,④ 視覚の",3
indifferent ,"① 無関心な,② 初めの,③ 巨大な,④ 骨董の",1
inferior ,"① 着実な,② より劣った,③ 効率的な,④ 室内の",2
awkward ,"① 厚い,② とても小さな,③ 徹底的な,④ 気まずい",4
obese ,"① 従来の,② 素直な,③ 活動的な,④ 肥満した",4
pregnant ,"① 文学の,② 非常に数の多い,③ 妊娠した,④ 緊急の",3
intimate ,"① すばらしい,② 十分な,③ 親密な,④ 正確な",3
medieval ,"① 壊れやすい,② 中世の,③ 洗練された,④ 独立した",2
sacred ,"① 現代の,② （日常的に）当たり前の,③ 神聖な,④ 効率的な",3
simultaneously ,"① その代わりに,② 同時に,③ それでも,④ かなり",2
versus ,"① （A ～ Bで）AおよびB,② （2つの事柄を対比して）一方,③ （A ～ Bで）A対B,④ （A ～ Bで）A の他にB",3
proceed ,"① 開始する,② 投げる,③ 進む,④ 支援する",3
orient ,"① を要約する,② に出席する,③ （人）を慣らす,④ を減らす",3
surf ,"① 滑る,② 跳ねる,③ を印刷する,④ （インターネット上の情報など）を見て回る ",4
filter ,"① をろ過する；を取り除く,② を肥沃にする,③ を変える,④ を吸収する ",1
bind ,"① を製造する,② を変える,③ を縛る,④ を翻訳する",3
resort ,"① （良くない結果を）もたらす,② 訴える,③ （徹底的に）調べる,④ （光・音などを）出す ",2
reinforce ,"① を飛び越える,② を控える,③ を強化する,④ を与える",3
accumulate ,"① を授与する,② （ため息）をつく,③ を浮かべる,④ を蓄積する",4
bet ,"① と大声で叫ぶ,② を疑う,③ を飲み込む,④ と確信する",4
advocate ,"① を操作する,② を長引かせる,③ を支配する,④ を主張する",4
constitute ,"① を得る,② を活用する,③ を構成する,④ を展示する",3
undertake ,"① を変える,② を引き受ける,③ を翻訳する,④ をあきらめる",2
grip ,"① を説得する,② を握る,③ を捨て去る,④ 振る舞う",2
dismiss ,"① （意見など）を退ける,② （を）じっと見る,③ を設置する,④ を論証する ",1
fade ,"① 認識する,② 薄れる,③ 喜ぶ,④ 無視する",2
conceal ,"① を制限する,② を隠す,③ を勧める,④ をむかつかせる",2
chew ,"① を混同する,② を完成させる,③ （を）複雑にする,④ （を）かむ",4
swallow ,"① （を）判断する,② （を）強く主張する,③ （を）飲み込む,④ （を）調査する ",3
seal ,"① をおびえさせる,② を追い求める,③ を確保する,④ を密閉する",4
migrate ,"① 放出する,② 崩壊する,③ 移住する,④ 廃止する",3
exaggerate ,"① （を）取り消す,② （を）後悔する,③ （を）理解する,④ （を）誇張する ",4
accuse ,"① を得る,② に影響を及ぼす,③ を非難する,④ を援助する",3
vanish ,"① おじぎする,② 上昇する,③ 倒れる,④ 消える",4
polish ,"① を積み重ねる,② を説得する,③ を準備する,④ を磨く",4
wipe ,"① を掃く,② を減らす,③ を省略する,④ を拭く",4
sweep ,"① （を）上る,② （に）抗議する,③ （を）掃く,④ （を）あきらめる",3
mislead ,"① の組み合わせを誤る,② に反対する,③ を誤解させる,④ を落胆させる ",3
spoil ,"① を任命する,② を台無しにする,③ を吸収する,④ を判断する",2
compound ,"① を治す,② を刺激する,③ を逮捕する,④ を悪化させる",4
explode ,"① 凍る,② 装飾する,③ 爆発する,④ 非難する",3
disgust ,"① を隠す,② を複雑にする,③ を負かす,④ をむかつかせる",4
commute ,"① 伝わる,② やる気をなくす,③ 思い出す,④ 通勤［通学］する",4
decorate ,"① を生む,② をまねる,③ を爆破する,④ を装飾する",4
postpone ,"① を刺激する,② を選ぶ,③ を歪める,④ を延期する",4
cease ,"① を輸入する,② をやめる,③ に備えつける,④ を圧倒する",2
compromise ,"① 交渉する,② 妥協する,③ 判断する,④ 否定する",2
elect ,"① を選出する,② の根底にある,③ を感知する,④ を消す",1
extract ,"① を見直す,② を取り［搾り］出す,③ を曲げる,④ を貸す",2
inherit ,"① を責める,② に固執する,③ に由来する,④ を受け継ぐ",4
rear ,"① （人・動物・植物）を育てる,② を消費する,③ を暗に意味する,④ から成る ",1
empathy ,"① 感情移入,② 愛国者,③ 調和,④ 無気力",1
cue ,"① 合図,② 食料雑貨,③ （刑）罰,④ 法律",1
enterprise ,"① 環境,② 企業,③ 刑務所,④ 経済",2
output ,"① 用心,② 生産（高）,③ 悪,④ 賄賂",2
congress ,"① 後退,② （米国などの）議会,③ 景色,④ 厳しい試練",2
millennium ,"① 10年間,② 千年間,③ 最小限度,④ 程度",2
mankind ,"① 先祖,② 哺乳動物,③ 人類,④ 部類",3
Muslim ,"① 東洋,② イスラム教徒,③ 学芸の女神,④ アジア人",2
estate ,"① 方式,② 活力,③ （動産・不動産などの）財産,④ 彫刻（作品）",3
landmine ,"① 電池,② 地震,③ 地雷,④ ミサイル",3
caution ,"① 用心,② 生産（高）,③ 拷問,④ 症状",1
controversy ,"① 論争,② 壮観,③ 態度,④ 野望",1
consensus ,"① 総意,② 融合,③ （動植物などの）保護,④ 受け取る人",1
retail ,"① 小売り,② 方言,③ 経済,④ 地域",1
fiber ,"① 通貨,② 君主制,③ 繊維（質）,④ 内科医",3
scent ,"① （よい）香り,② 商品,③ 秘書,④ 急ぐこと",1
beverage ,"① 液体,② 栄養（の摂取）,③ （水以外の）飲み物,④ 穀物",3
supplement ,"① 反逆者,② 哀れみ,③ 栄養補助剤,④ 結束",3
diabetes ,"① 糖尿病,② 口論,③ 高度,④ 織物",1
province ,"① 期間,② 方言,③ 州,④ 都市",3
reef ,"① 地理,② 小惑星,③ 風景,④ （岩や砂の）礁",4
microbe ,"① 証明書,② 微生物,③ 社会学,④ 絆",2
excess ,"① 過剰,② 飢饉,③ 決まり切った仕事,④ （宗教・道徳上の）罪",1
gallery ,"① 美術館,② 亡命（者）,③ 見込み,④ 腐敗（した状態）",1
fame ,"① 枠,② 隠喩,③ 名声,④ 地域",3
deadline ,"① 政治家,② 織物,③ 割引,④ 締め切り",4
undergraduate ,"① 精査,② 申し込み,③ 学部学生,④ 皮質",3
slavery ,"① 方言,② 疲労,③ 奴隷制度,④ 水分",3
prey ,"① 濫用,② 獲物,③ 苦悩,④ 指紋",2
mess ,"① 散らかった状態［物］,② 高度,③ 花粉,④ 性別",1
recession ,"① 不況,② 衝動,③ 人類学,④ 規律",1
retreat ,"① 後退,② 狼狽,③ 窃盗（罪）,④ 悲劇（的な事件）",1
grave ,"① 風景,② 墓,③ 手足,④ ミツバチの巣",2
column ,"① 知人,② コラム,③ 管理（部）,④ 織物",2
scenery ,"① 台本,② 部族,③ 遺産,④ 景色",4
plot ,"① （小説などの）筋,② 職人,③ 枠,④ （宗教上の）信条",1
sculpture ,"① 列,② 彫刻（作品）,③ （動産・不動産などの）財産,④ 戦術",2
tablet ,"① 政治家,② 態度,③ 割引,④ タブレット（型情報端末）",4
dense ,"① 独立した,② 薄暗い,③ 密集した,④ 言葉の",3
exotic ,"① 外来の,② 違法の,③ 有史以前の,④ 気づいて",1
acid ,"① 解決できる,② 市民の,③ 無礼な,④ 酸性の",4
bitter ,"① 並の,② 市民の,③ 苦い,④ 大都市の",3
sensible ,"① 楽観的な,② 賢明な,③ 臆病な,④ 正確な",2
noble ,"① 透明な,② 高貴な,③ 直接の,④ 巨大な",2
vague ,"① 肥沃な,② 遠い,③ 極端な,④ 漠然とした",4
parallel ,"① 抽象的な,② 平行［並行］の,③ （…より）すぐれた,④ ささいな",2
tense ,"① 繊細な,② 創造的な,③ 張り詰めた,④ 文学の",3
vertical ,"① 架空の,② 微妙な,③ 垂直の,④ 珍しい",3
indigenous ,"① 原産の,② （傾斜が）急な,③ 固体の,④ 究極の",1
aboriginal ,"① アボリジニの,② 豊かな,③ 生まれつきの,④ 主要な",1
seasonal ,"① 終点の,② 地域の,③ 季節の,④ 本来の",3
abundant ,"① 従来の,② 嫉妬深い,③ 豊富な,④ 理想的な",3
hybrid ,"① 珍しい,② ハイブリッドの,③ 理想的な,④ 特定の",2
irrelevant ,"① 十分にありそうな,② （…に）特有の,③ 無関係の,④ 精神の",3
ridiculous ,"① 自然発生的な,② 最も重要な,③ 財政（上）の,④ ばかげた",4
fairy ,"① 古代の,② 人種の,③ 邪悪な,④ 妖精の（ような）",4
sensory ,"① 最高の,② 田舎の,③ 感覚の,④ 仮想の",3
chronic ,"① 徹底的な,② 医療の,③ 特定の,④ 慢性の",4
voluntary ,"① 王の,② 自発的な,③ 人種の,④ 耳が聞こえない",2
inclined ,"① ～することに反対で,② 傾向がある,③ ～できない,④ 余裕がある",2
infer ,"① を推論する,② を企む,③ に固執する,④ を検証する",1
esteem ,"① を尊敬する,② と推定する,③ を稼ぐ,④ を見下す",1
tackle ,"① （人）を怖がらせる,② を消す,③ を成し遂げる,④ に取り組む",4
venture ,"① 危険を冒して進む,② 説明する,③ 及ぼす,④ 宣伝する",1
accelerate ,"① を加速させる,② （を）折り畳む,③ （を）否定する,④ （と）ささやく ",1
accustom ,"① （人）に資格を与える,② （人）を慣れさせる,③ を保持する,④ を保証する ",2
amuse ,"① をおもしろがらせる,② を罰する,③ を変える,④ を許す",1
flourish ,"① 繁栄する,② 花が咲く,③ 思い出す,④ 注ぐ",1
thrive ,"① 消える,② 繁栄する,③ 通勤する,④ 薄れる",2
nurture ,"① を確実にする,② を回復させる,③ をはぐくむ,④ を抑える",3
click ,"① 跳ねる,② 滑る,③ を選ぶ,④ （を）クリックする",4
spin ,"① を配属する,② を持つ余裕がある,③ を疲れ果てさせる,④ 回転する",4
clip ,"① を描写する,② を閉める,③ を投げ捨てる,④ を切り抜く",4
drag ,"① を注意深く調べる,② に偶然出会う,③ を引きずる,④ を治療する",3
cast ,"① を課す,② と結論づける,③ を投じる,④ を配布する",3
scatter ,"① を促進する,② を結び付ける,③ を予期する,④ をまき散らす",4
tempt ,"① を捨てる,② を禁止する,③ （功績など）を（人に）帰する,④ を気にさせる ",4
withdraw ,"① に遭遇する,② を電源に差し込む,③ を引き出す,④ に促す",3
yawn ,"① 調査する,② 異なる,③ 権利を得る,④ あくびをする",4
blink ,"① を飾る,② まばたきする,③ 縮む,④ ぴしゃりと打つ",2
dye ,"① を提案する,② をやめる,③ を染める,④ を取り除く",3
spill ,"① を積み重ねる,② を組織する,③ をこぼす,④ を評価する",3
irritate ,"① を引用する,② をいらいらさせる,③ を傷つける,④ を降りる",2
insult ,"① を捨てる,② を曲げる,③ を侮辱する,④ を尊敬する",3
enforce ,"① を施行［実施］する,② を楽しませる,③ を見落とす,④ を支配する",1
rob ,"① を吸収する,② から（金品を）奪う,③ に向かう,④ を埋める",2
drain ,"① に固執する,② を宣伝する,③ （液体）を流出させる,④ を短縮する",3
suspend ,"① を停職［停学，出場停止］にする,② を強調する,③ をかき乱す,④ に抵抗する ",1
drift ,"① 漂う,② 実現する,③ 中断する,④ じっとにらむ",1
forgive ,"① に抵抗する,② をおもしろがらせる,③ を強調する,④ を許す",4
revise ,"① を溶かす,② を解決する,③ を引き起こす,④ を修正する",4
recruit ,"① を募る,② （を）噛む,③ に挨拶する,④ を捕らえる",1
twist ,"① を救う,② の段取りをつける,③ をねじる,④ と確信する",3
crush ,"① を放出する,② を押しつぶす,③ を改革する,④ を告訴する",2
pin ,"① を接着剤で付ける,② を選び取る,③ をピンで留める,④ に署名する",3
uncover ,"① を引用する,② を暴く,③ に従う,④ を賃借りする",2
exploit ,"① を構成する,② を輸出する,③ を流す,④ を活用する",4
implement ,"① をだます,② を追求する,③ を救う,④ を実行［実施］する",4
integrate ,"① を統合する,② を建設する,③ を課す,④ を規制する",1
incorporate ,"① を変える,② を取り入れる,③ を製造する,④ （人）に資格を与える",2
profile ,"① 灌漑,② 犠牲,③ 盾,④ 人物の紹介",4
appetite ,"① 食欲,② 合成,③ 配偶者,④ 同情",1
impulse ,"① 衝動,② 不況,③ 最小限度,④ 速度",1
script ,"① 狼狽,② 台本,③ 気晴らし,④ 翻訳",2
anniversary ,"① （～周年）記念日,② （岩や砂の）礁,③ 器具一式,④ 牧場",1
pension ,"① 年金,② 料金,③ 金額,④ 福祉",1
temper ,"① 感覚,② 気質,③ 監督者,④ 部分",2
cortex ,"① 皮質,② 繊維,③ 投票,④ 物語",1
syndrome ,"① 知性,② 偉業,③ 症候群,④ 公正",3
chamber ,"① 材木,② 寄宿舎,③ （特定の目的の）部屋,④ 胸",3
utility ,"① 免許（証）,② 損害（の程度）,③ 許し,④ 公共事業",4
cattle ,"① やかん,② 牛,③ 計画,④ 逆説",2
herd ,"① かたまり,② （生物の）種,③ 哺乳動物,④ （牛などの）群れ",4
fluid ,"① 憂うつ,② 流動体,③ 一連（のもの）,④ 洪水",2
pity ,"① 感覚,② 不安,③ 残念なこと,④ 後退",3
priest ,"① 聖職者,② 虫,③ 生態学,④ 誤った考え",1
acquaintance ,"① 教養,② 精神科医,③ 目撃者,④ 知人",4
offspring ,"① 大使,② 子孫,③ 温泉,④ 義務",2
famine ,"① 核心,② （陪審の）評決,③ 過剰,④ 飢饉",4
deforestation ,"① 動機,② 百科事典,③ 森林伐採,④ 決意",3
jail ,"① 刑務所,② 避難所,③ 窃盗（罪）,④ 裁判所",1
commodity ,"① 香り,② 境界（線）,③ 共通点,④ 商品",4
format ,"① 書式,② 彫像,③ 公式,④ 文書",1
recipient ,"① 総意,② 温度計,③ （試合・論争などの）相手,④ 受け取る人",4
drill ,"① 金づち,② 粉砕,③ 訓練,④ 証言",3
inability ,"① 食欲,② 敵意,③ 無能,④ 放出",3
republic ,"① 芽,② 地区,③ 賛辞,④ 共和国",4
combat ,"① 信頼,② 大発見,③ 探究,④ 戦闘",4
debris ,"① （破壊された後の）残骸,② 原料,③ のり,④ 武器",1
bug ,"① 跡,② 病原菌（が起こす病気）,③ 貸付金,④ 聖職者",2
fraction ,"① わずか,② 葬式,③ 契約書,④ 通路",1
index ,"① たんぱく質,② 指標,③ 買い得品,④ 青年",2
intuition ,"① 直観（力）,② 絶望,③ 千年間,④ 混雑",1
motive ,"① ごみ,② 森林伐採,③ 内閣,④ 動機",4
consent ,"① 同意,② （競技）連盟,③ 職員,④ 子孫",1
hierarchy ,"① 信条,② 兵器,③ （社会の）階層制,④ 錯覚",3
monument ,"① ちらりと見えること,② 記念碑,③ 自由,④ 施設",2
asset ,"① 範囲,② 半球,③ 資産,④ 摂取量",3
decent ,"① 都市の,② まずまずの,③ 故意の,④ 特有の",2
competent ,"① ばかげた,② （人・規律などが）厳しい,③ 有能な,④ 論理的な",3
straightforward ,"① 豊かな,② 粗い,③ 邪悪な,④ 単純な",4
cosmetic ,"① 軍の,② 不安な,③ 好奇心の強い,④ 化粧の",4
delicate ,"① 相対的な,② 張り詰めた,③ 繊細な,④ ひょうきんな",3
interior ,"① 室内の,② 国際的な,③ 貴重な,④ 誠実な",1
transparent ,"① 神秘的な,② 高貴な,③ 透明な,④ 芸術的な",3
aesthetic ,"① 有毒な,② 正確な,③ わずかな,④ 美的な",4
deliberate ,"① 原始的な,② 故意の,③ 奇妙な,④ 残酷な",2
demographic ,"① 生態学の,② 地球の,③ 人口統計学の,④ 経済の",3
prehistoric ,"① 有史以前の,② 強烈な,③ 抽象的な,④ 外来の",1
innate ,"① 見捨てられた,② 芸術的な,③ 生まれながらの,④ 大胆な",3
mild ,"① 空洞の,② 劣った,③ 現在の,④ 穏やかな",4
toxic ,"① 並の,② 一時的な,③ 有毒な,④ 美的な",3
ashamed ,"① 恥じて,② ひどい,③ 安定した,④ いとわない",1
humble ,"① 表面的な,② 謙虚な,③ 能力がある,④ 明らかな",2
peculiar ,"① 流ちょうな,② そこそこの,③ 無礼な,④ 特有の",4
steep ,"① 必要不可欠な,② 誤った,③ （傾斜が）急な,④ 原産の",3
trivial ,"① 気づいて,② 短い,③ ささいな,④ 平行の",3
magnificent ,"① 生の,② 現在の,③ 裸の,④ 壮大な",4
wireless ,"① 遠方の,② 無線（電信）の,③ 科学技術の,④ 電気の",2
ongoing ,"① 最新の,② 差し迫った,③ 継続している,④ 驚くほどの",3
assure ,"① に自信を持って言う,② を罰する,③ を密閉する,④ を企む",1
precede ,"① に先行する,② に続く,③ を許可する,④ を成し遂げる",1
revive ,"① を得る,② をはぐくむ,③ を復活させる,④ に同行する",3
compel ,"① に強いる,② に相談する,③ に抵抗する,④ に借りがある",1
blossom ,"① 現れる,② 振る舞う,③ 寄与する,④ 花が咲く",4
terrify ,"① を評価する,② を怖がらせる,③ （手段）に訴える,④ を開発する",2
violate ,"① を回復する,② （法律・規則など）に違反する,③ を分類する,④ を片づける ",2
suppress ,"① を衝突させる,② を抑える,③ を誇張する,④ を回復させる",2
deceive ,"① を溶かす,② を実行する,③ をだます,④ （人）を訴える",3
manipulate ,"① を援助する,② を（巧みに）操る,③ をささげる,④ を禁じる",2
starve ,"① じっと見る,② 眠る,③ 突進する,④ 飢える",4
flee ,"① （から）逃げる,② 飛ぶ,③ 凍る,④ （に）衝突する",1
whisper ,"① （を）決める,② （を）加速する,③ （を）ささやく,④ （を）要請する ",3
yell ,"① 減る,② 伸びる,③ 高まる,④ 叫ぶ",4
deposit ,"① を置く,② を変える,③ を誇る,④ を楽しませる",1
confine ,"① を限定する,② を提案する,③ を取り除く,④ をだます",1
swing ,"① を揺らす,② をおびえさせる,③ （徐々に）発展する,④ を荒らす",1
prolong ,"① を主張する,② を長引かせる,③ を正当化する,④ を飼育する",2
depict ,"① を移動する,② を描く,③ を見下す,④ を絞る",2
outline ,"① を保持する,② を保証する,③ （問題など）を提起する,④ の要点を述べる ",4
shed ,"① を中断させる,② のふりをする,③ を捨て去る,④ を握る",3
emit ,"① を提出する,② を輸送する,③ （光・熱など）を出す,④ （人）に相談する ",3
renew ,"① を伸ばす,② を更新する,③ を驚かす,④ をびっくりさせる",2
utilize ,"① を養う,② を逆転させる,③ を利用する,④ （を）投資する",3
assert ,"① を納得［確信］させる,② を主張する,③ を分配する,④ を混ぜる",2
strain ,"① に値する,② （判断など）を保留する,③ に負担をかける,④ に有罪を宣告する ",3
strive ,"① 努力する,② においをかぐ,③ おじぎする,④ 抗議する",1
dare ,"① …したことを覚えている,② あえて［思い切って］…する,③ …し忘れる,④ …することを拒否する ",2
boast ,"① を置く,② を強く主張する,③ に似ている,④ を誇る",4
startle ,"① に積む,② に反抗する,③ を雇う,④ をびっくりさせる",4
offend ,"① を修正する,② の気分を害する,③ を保持する,④ をおびえさせる",2
compute ,"① 競争する,② を出版する,③ をつなぐ,④ （を）計算する",4
assemble ,"① を後悔する,② を解決する,③ を集める,④ を非難する",3
worsen ,"① をまねる,② を悪化させる,③ から逃げる,④ を動揺させる",2
flip ,"① を投げつける,② 言い返す,③ をクリップではさむ,④ を（ぱっと）裏返す ",4
rub ,"① （を）判断する,② （を）こする,③ （を）侮辱する,④ （を）着ている ",2
descend ,"① （を）縮小する,② （に）適する,③ （を）降りる,④ （を）やめる",3
compensate ,"① 参照する,② 同情する,③ 代理を務める,④ 補償する",4
comprise ,"① から成る,② に促す,③ を密閉する,④ を遵守する",1
prevail ,"① 教育する,② 暴露する,③ 普及している,④ 持続する",3
quest ,"① 戦闘,② 探究,③ ハイブリッド車,④ 蒸気",2
dignity ,"① （牛などの）群れ,② 寄生虫,③ 尊厳,④ 同情",3
criterion ,"① （試合などの）観客,② 銃弾,③ 仲介者,④ （判断・評価の）基準",4
paradox ,"① 穀物,② 退屈,③ 逆説,④ 牛",3
parliament ,"① （英国などの）議会,② 狼狽,③ ひとりでいること,④ 下水",1
legislation ,"① 議題,② 法律,③ 合図,④ 手段",2
agenda ,"① 協議事項（リスト）,② 挿話,③ 代理人,④ 教義",1
mainstream ,"① （活動・思潮などの）主流,② 柱,③ 実演,④ 大多数",1
troop ,"① 住民,② しわ,③ 軍隊,④ 託児所",3
epidemic ,"① 勇気,② 拍手（喝采）,③ 礼儀正しさ,④ 流行（病）",4
outbreak ,"① 姿勢,② 栄光,③ 発生,④ 情熱",3
chaos ,"① 混沌,② 証言,③ 最大限,④ 骨格",1
nightmare ,"① 夜明け,② 捕食動物,③ 悪夢（のような状況）,④ 量",3
horror ,"① 名誉,② （銃弾・刃物などによる）傷,③ 恐怖,④ 製造工場",3
cluster ,"① 指紋,② 犯人,③ 軽蔑,④ 集団",4
pollen ,"① ウイルス,② 花粉,③ 殺虫剤,④ 物質",2
hive ,"① 学期,② ミツバチの巣（箱）,③ 墓,④ 装飾（品）",2
irrigation ,"① 人物の紹介,② 語法,③ 灌漑,④ 苦痛",3
dose ,"① （薬の1回分の）服用量,② 司書,③ 箱,④ 急ぐこと",1
suicide ,"① 自殺,② 国境,③ 障害（物）,④ 逸話",1
feast ,"① 部類,② 原稿,③ 側面,④ 祝宴",4
cuisine ,"① 好奇心,② （独特の）料理,③ 流通,④ いとこ",2
rumor ,"① 検閲,② 刃,③ 下水,④ うわさ",4
proverb ,"① ことわざ,② 記事,③ 手続き,④ 説明",1
signature ,"① 署名,② 歓迎会,③ 野望,④ 壮観",1
formula ,"① 小惑星,② 方法,③ 風味,④ 些細なこと",2
tuition ,"① 割れ目,② 突然変異,③ 授業料,④ 光線",3
intake ,"① （のどの）渇き,② 資産,③ 陪審（員団）,④ 摂取量",4
spectrum ,"① 検査官,② スペクトル,③ 尊敬,④ めがね",2
kidney ,"① 腎臓,② 器官,③ 胃,④ 肺",1
gear ,"① 殺虫剤,② 用具（一式）,③ 良心,④ 後部",2
aisle ,"① 人類,② （座席間などの）通路,③ 厄介（なこと）,④ 商店街",2
grief ,"① 腐敗（した状態）,② 学期,③ 装飾（品）,④ 深い悲しみ",4
destiny ,"① ことわざ,② 運命,③ 小別荘,④ 天文学",2
skull ,"① 頭骨,② 彫刻,③ 賄賂,④ 頂上",1
tomb ,"① 墓,② 遺産,③ 親指,④ 人類",1
monk ,"① 偽善,② 修道士,③ 倫理,④ 細菌",2
worship ,"① 慈悲,② 療法,③ 崇拝,④ 関節",3
outstanding ,"① 相互の,② 感謝している,③ 際立った,④ 初めの",3
unprecedented ,"① 無関心な,② 意識不明の,③ 読み書きができない,④ 前例のない",4
infinite ,"① 正確な,② 無限の,③ 命にかかわる,④ わずかな",2
worthwhile ,"① 何気ない,② 乏しい,③ 価値がある,④ 敏感な",3
indispensable ,"① 永続的な,② 浅い,③ 不可欠な,④ （値段が）高くない",3
compulsory ,"① 義務的な,② 究極の,③ 衝動的な,④ 視覚の",1
probable ,"① 十分にありそうな,② （人・規律などが）厳しい,③ （…にとって）無関係の,④ 余分の ",1
ambiguous ,"① 気が進まない,② あいまいな,③ 厳しい,④ 全体の",2
obscure ,"① 怒りやすい,② 基本的な,③ 異常な,④ （世に）知られていない",4
skeptical ,"① 付随する,② 都合がよい,③ 興味があって,④ 懐疑的な",4
fragile ,"① 壊れやすい,② 中世の,③ 遺伝（子）の,④ 熱望して",1
static ,"① 小さい,② 単なる,③ 厳格な,④ 静的な",4
gradual ,"① 偉大な,② 目新しい,③ （目に）見える,④ 徐々の",4
vocal ,"① あいまいな,② 火山の,③ 声の,④ 全体の",3
vivid ,"① 明白な,② 入念な,③ 議論の余地のある,④ 鮮やかな",4
imperial ,"① 無罪の,② 部分的な,③ 帝国の,④ 個人の",3
hostile ,"① 具体的な,② よりすぐれた,③ 洗練された,④ 敵意のある",4
superficial ,"① 熱帯の,② 謙虚な,③ 貴重な,④ 表面的な",4
scarce ,"① 価値がある,② 乏しい,③ 頻繁な,④ 精通している",2
gross ,"① 総計の,② 何気ない,③ 純粋な,④ 壮大な",1
inherent ,"① 究極の,② 無礼な,③ 生来の,④ 流ちょうな",3
notable ,"① 違法の,② 手書きの,③ 十分な,④ 注目に値する",4
update ,"① を支持する,② を最新のものにする,③ 訴える,④ 起こる",2
refresh ,"① を救い出す,② （気分）をさわやかにする,③ を操作する,④ を辞職する ",2
bloom ,"① 解決する,② 花が咲く,③ 輸出する,④ 別れる",2
conquer ,"① （人）と競う,② を受け入れる,③ を征服する,④ を浸す",3
induce ,"① を無視する,② を引き起こす,③ を曲げる,④ を取り除く",2
attain ,"① に感嘆する,② を詰まらせる,③ を獲得する,④ を支配する",3
spray ,"① を浸す,② を取り除く,③ を掃く,④ を吹きかける",4
retrieve ,"① を感知する,② に異議を唱える,③ を賞賛する,④ （情報）を検索する ",4
portray ,"① を急かす,② を描く,③ に異議を唱える,④ を複製する",2
scratch ,"① を輸送する,② を計算する,③ を引っかく,④ を掃く",3
designate ,"① を逮捕する,② を指定する,③ に賛成する,④ を禁止する",2
contradict ,"① を和らげる,② と矛盾する,③ に同行する,④ を要請する",2
sigh ,"① あくびをする,② 繰り返す,③ ため息をつく,④ 蓄積する",3
disrupt ,"① を廃止する,② を断る,③ を展示する,④ を混乱させる",4
depart ,"① （法的に）禁止する,② 輸出する,③ 購入する,④ 出発する",4
navigate ,"① 衰退する,② 思い出す,③ （を）誘導する,④ 乱立する",3
beg ,"① に切に頼む,② を論証する,③ を認める,④ から（権利などを）奪う",1
inhabit ,"① を禁じる,② に住んでいる,③ を登録する,④ に同行する",2
diagnose ,"① を偽装させる,② を発揮する,③ （を）診断する,④ （を）図解する",3
comprehend ,"① を支配する,② に集中する,③ におじぎする,④ を理解する",4
oblige ,"① を制限する,② を噛む,③ に義務づける,④ を移す",3
cram ,"① に詰め込む,② を囲む,③ をぞくぞくさせる,④ を落ち着かせる",1
flock ,"① 思い出す,② 起こる,③ 群がる,④ 独立する",3
underestimate ,"① （の）よさを認める,② の土台を壊す,③ の品位を落とす,④ （を）過小評価する ",4
clarify ,"① を生み出す,② を明確にする,③ を付ける,④ をもたらす",2
spark ,"① を告白する,② 降参する,③ を引き起こす,④ を損なう",3
seize ,"① に似ている,② を強調する,③ を取り返す,④ をつかむ",4
soar ,"① 独立する,② 急上昇する,③ 循環する,④ 輝く",2
glow ,"① 反応する,② 出発する,③ 起こる,④ 光り［照り］輝く",4
disguise ,"① を集める,② を支配する,③ に感謝する,④ を変装させる",4
distort ,"① を感動させる,② を歪める,③ と命じる,④ を延期する",2
undermine ,"① の悪口を言う,② に耐える,③ を誇張する,④ を徐々にむしばむ",4
abolish ,"① を悩ます,② を構成する,③ を運ぶ,④ を廃止する",4
strip ,"① を把握する,② に立ち向かう,③ を［から］取り去る,④ に反応する",3
dispose ,"① （～ of で）を処分する,② （～ of で）を責める,③ （～ of で）から逃げる,④ （～ of で） から独立する",1
dump ,"① を投棄する,② を広げる,③ を翻訳する,④ を変える",1
weave ,"① を折り畳む,② を分解する,③ を織る,④ を振る",3
refine ,"① を洗練する,② （注意など）をそらす,③ を尊敬する,④ に同意する",1
enrich ,"① を課す,② と結論づける,③ を縮小する,④ を豊かにする",4
coordinate ,"① を構成する,② を強調する,③ を調整する,④ 協力する",3
headline ,"① 基準,② （新聞などの）見出し,③ 大災害,④ 売上高",2
internship ,"① 実務［医学］研修,② 奨学金,③ 傾向,④ 相互作",1
outlet ,"① 直売店,② 勝利,③ 幾何学,④ 評判",1
remedy ,"① 不和,② 香水,③ 例外,④ 治療（法）",4
pill ,"① 機会,② （のどの）渇き,③ 錠剤,④ 下書き",3
reception ,"① 反応,② 結果,③ （国家間の）条約,④ 署名",1
transaction ,"① 循環,② （商）取引,③ 商品,④ 乳児",2
mutation ,"① 突然変異（体）,② （左右）対称,③ 職人,④ 授業料",1
dairy ,"① 乳製品,② 妖精,③ 昼間,④ 領域",1
compassion ,"① 同情,② 尊厳,③ 戦士,④ 心理学",1
posture ,"① 発生,② 炎,③ 余剰,④ 姿勢",4
curse ,"① 悪態,② 標本,③ 恐怖,④ 講座",1
funeral ,"① 反抗,② 分子,③ うぬぼれ,④ 葬式",4
census ,"① 国勢調査,② 前提,③ 熱情,④ 名声",1
encyclopedia ,"① 百科事典,② 物理,③ 森林伐採,④ 計算",1
cereal ,"① 外科医,② 治世,③ 穀物,④ 潮（の干満）",3
fragment ,"① 哺乳動物,② 洗濯物,③ 移り変わり,④ 断片",4
patch ,"① 巡礼者,② （～の）部分,③ 痕跡,④ 群れ",2
rubbish ,"① ごみ,② 文学,③ 結果,④ 問題",1
maze ,"① かすみ,② かみそり,③ くし,④ 迷路",4
outlook ,"① （外国からの）移住,② 錠剤,③ 論争,④ 見",4
breakthrough ,"① 三角形,② 大発見,③ 戦闘,④ 崩壊",2
triumph ,"① 直売店,② 勝利,③ 独占（権）,④ ぜいたく（品）",2
ally ,"① 哀れみ,② 愛国者,③ 同盟国,④ 勘定",3
spectator ,"① （試合などの）観客,② 殺虫剤,③ （判断・評価の）基準,④ 良心",1
sphere ,"① 層,② 領域,③ 大草原,④ 船舶",2
county ,"① 植民地,② 国,③ 代表,④ 郡",4
behalf ,"① 報酬,② 花,③ 信念,④ 利益",4
interval ,"① 復活,② （時間の）間隔,③ 寸法,④ 到着",2
circulation ,"① 循環,② 没頭,③ （水以外の）飲み物,④ （商）取引",1
blade ,"① 炎,② 粘土,③ 刃,④ 窃盗（罪）",3
theft ,"① 窃盗（罪）,② 争い,③ 犯罪者,④ 脅威",1
vacuum ,"① 結束,② 哀れみ,③ 真空,④ （官庁の）局",3
collision ,"① 浸食,② 偉業,③ 衝突,④ （国家間の）条約",3
bargain ,"① 利益,② 買い得品,③ 指標,④ 分子",2
landmark ,"① 繁栄,② （ある場所の）目印,③ 特性,④ 丘陵地帯",2
revenue ,"① 復興,② 調理法,③ 回想,④ 歳入",4
treaty ,"① （国家間の）条約,② 歓迎会,③ 衝突,④ 金額",1
supreme ,"① 邪悪な,② 懐疑的な,③ 最高の,④ 感覚の",3
thorough ,"① 相互の,② 慢性の,③ 徹底的な,④ 意識し",3
naked ,"① 感覚の,② 裸の,③ 経験的な,④ ささいな",2
sincere ,"① 室内の,② 明らかな,③ 罪悪感のある,④ 心からの",4
tame ,"① 否定の,② 等しい,③ 飼いならされた,④ その後の",3
insufficient ,"① 暴動を起こした,② 不十分な,③ 能率の上がらない,④ 不法の",2
dim ,"① 熱望して,② 密集した,③ 理性的な,④ 薄暗い",4
acute ,"① 認知の,② 明白な,③ かわいい,④ （痛み・感情などが）激しい",4
disabled ,"① 機械の,② 突出した,③ 障害のある,④ 現代の",3
metropolitan ,"① 地下鉄の,② 計画的な,③ 国際的な,④ 大都市の",4
monetary ,"① 政治上の,② 金銭的な,③ 仮想の,④ 明らかな",2
alternate ,"① 必要不可欠な,② 成熟した,③ 卓越した,④ 代わりの",4
partial ,"① ひょうきんな,② 好奇心の強い,③ 部分的な,④ 熱心な",3
divine ,"① 身体の,② 融通の利く,③ 神の,④ 全体的な",3
drastic ,"① 気まずい,② 革新的な,③ 罪悪感のある,④ 徹底的な",4
fierce ,"① 生の,② 即座の,③ 中立の,④ 猛烈な",4
sole ,"① 精神の,② 唯一の,③ 普遍的な,④ 保守的な",2
spontaneous ,"① 生物学（上）の,② 自然発生的な,③ ばかげた,④ 連邦（政府）の",2
spatial ,"① 相互の,② 空間の,③ 空腹で,④ 意識して",2
neat ,"① 気が進まない,② きちんとした,③ 重大な,④ 心配して",2
tidy ,"① 明らかに異なる,② 極地の,③ 能力がある,④ きちんとし",4
loyal ,"① 関連する,② 精通した,③ 特有の,④ 忠実な",4
bless ,"① を評価する,② を向上させる,③ をひどく嫌う,④ に恩恵を与える",4
regain ,"① に恥ずかしい思いをさせる,② を受け入れる,③ を取り戻す,④ を追跡する ",3
conform ,"① を代わりに使う,② に値する,③ を祝う,④ 順応する",4
enroll ,"① 登録する,② 転がる,③ 追求する,④ 発射する",1
entitle ,"① を確保する,② を構成する,③ に権利を与える,④ に借りがある",3
halt ,"① を当惑させる,② を同封する,③ を止める,④ を勧める",3
provoke ,"① を怠る,② を吸収する,③ を埋める,④ （感情・行動など）を引き起こす ",4
invade ,"① を折り畳む,② を飲み込む,③ を侵略する,④ を否定する",3
squeeze ,"① に耐える,② 押し入る,③ をつかむ,④ を解釈する",2
crawl ,"① はう,② 飛ぶ,③ 当惑する,④ 取り除く",1
digest ,"① を続ける,② を崩壊させる,③ を再生する,④ を消化する",4
utter ,"① を回復させる,② （声）を発する,③ を確実にする,④ を折り畳む",2
refrain ,"① 宣言する,② 強まる,③ 認める,④ 控える",4
populate ,"① を出版する,② に住む,③ を翻訳する,④ に相談する",2
accommodate ,"① を収容する,② を構成する,③ を告訴する,④ を逆転させる",1
steer ,"① （を）扱う,② （を）出発する,③ （を）操縦する,④ （を）さまよう ",3
drown ,"① 溺死する,② 購入する,③ 絶滅する,④ 一致する",1
dip ,"① を浸す,② から引退する,③ を征服する,④ の位置を探し当て",1
soak ,"① を禁止する,② に賛成する,③ を浸す,④ を分類する",3
stir ,"① をかき回す,② を主演させる,③ をじっと見る,④ に異議を唱える",1
transplant ,"① を経験する,② を説得する,③ を移植する,④ を分類する",3
reassure ,"① を負かす,② を安心させる,③ を分類する,④ を取り戻す",2
resume ,"① （を）預ける,② （に）命令する,③ （を）再開する,④ （に）移住する ",3
speculate ,"① （に）警告する,② （と）推測する,③ （を）演奏する,④ （を）展示する ",2
surpass ,"① を疲れ果てさせる,② を魅了する,③ を怠る,④ を上回る",4
appoint ,"① を任命する,② （空間・時間）を占める,③ を台無しにする,④ を埋める ",1
intrigue ,"① を得る,② に興味を持たせる,③ を注ぐ,④ を思い出す",2
decay ,"① 膨張する,② 腐敗する,③ 控える,④ 頼る",2
contaminate ,"① を伸ばす,② を汚染する,③ （価値など）を高める,④ を複雑にする",2
swell ,"① 辞職する,② 転倒する,③ 膨張する,④ （傷が）痛む",3
delete ,"① 衰える,② 出発する,③ を怠る,④ を削除する",4
tolerate ,"① （人）と争う,② を受け入れる,③ を許容する,④ を防御する",3
envy ,"① を持続させる,② に応募する,③ を磨く,④ をうらやむ",4
pray ,"① （を）祈る,② （を）促進する,③ （を）克服する,④ （を）構成する ",1
confess ,"① （を）告白する,② （を）尊敬する,③ （を）引き継ぐ,④ （を）拒絶する ",1
resign ,"① （を）辞任する,② （を）延長する,③ （を）輸入する,④ （を）圧倒する ",1
dissolve ,"① （を）溶かす,② を宣言する,③ にふたをする,④ を予期す",1
unfold ,"① のボタンをはずす,② をさわやかにする,③ を発見する,④ （閉じたもの）を開く ",4
awaken ,"① を囲む,② を脅かす,③ を目覚めさせる,④ を短くする",3
conceive ,"① （を）採用する,② （を）恥ずかしいと思う,③ （を）開発する,④ （を）思いつく ",4
entrepreneur ,"① 発明家,② 政治家,③ 芸人,④ 起業家",4
stake ,"① 利害関係,② 論文,③ ちらっと見ること,④ 余白",1
surplus ,"① 余剰,② 姿勢,③ 振る舞い,④ 気分",1
inflation ,"① 爆発,② インフレ（ーション）,③ 評価,④ 挫折",2
sweatshop ,"① 実験室,② トレーナー,③ 奨学金,④ 搾取工場",4
clash ,"① 衝突,② ごみ,③ 悲鳴,④ はねること",1
sociology ,"① 干ばつ,② 社会学,③ 病棟,④ 細菌",2
ideology ,"① 哲学,② イデオロギー,③ 仮説,④ 商業",2
margin ,"① 地理,② 余白,③ 無感動,④ 杭",2
realm ,"① （議論などの）筋道,② （乗り物の）料金,③ 上院議員,④ 領域",4
domain ,"① 分野,② 方程式,③ 歳入,④ （生物の）組織",1
algorithm ,"① アルゴリズム,② 代数,③ 苦悶,④ 敵対",1
prairie ,"① 建築,② 落胆,③ 大草原,④ 球体",3
frontier ,"① 感染（症）,② 自殺,③ 儀式,④ 最先端",4
bullet ,"① 地理,② 銃弾,③ 無感動,④ （判断・評価の）基準",2
shield ,"① 収穫,② 人物の紹介,③ 花粉,④ ",4
despair ,"① 絶望,② 治療,③ 洞察力,④ 植物学",1
radiation ,"① 公共料金,② 前提,③ （急激な）変化,④ 放射能",4
placebo ,"① 申し込み,② 偽薬,③ 瞑想,④ 張り紙",2
nursery ,"① 標本,② 軍隊,③ 託児所,④ 集まり",3
spouse ,"① 割合,② 新芽,③ 配偶者,④ 食欲",3
makeup ,"① 先導者,② 化粧,③ 材料,④ 解散",2
mummy ,"① 解剖,② ミイラ,③ 怪物,④ いたずら",2
flesh ,"① （人・動物の）肉,② 衣服,③ 特権,④ 新入り",1
limb ,"① 手足,② 避難,③ 日食,④ 墓",1
odor ,"① いたずら,② （地方）議会,③ におい,④ 群れ",3
laundry ,"① 会議室,② 洗濯（物）,③ 断片,④ 倫理",2
tide ,"① 穀物,② 手段,③ 潮（の干満）,④ 優先（事項）",3
questionnaire ,"① アンケート,② 生息地,③ 面接,④ 動機（付け）",1
nonsense ,"① ばかげた物［話，考え］,② ノンフィクション,③ 空き,④ 想像力",1
revenge ,"① 潮（の干満）,② 絶望,③ におい,④ 復讐",4
intellect ,"① 症候群,② 運命,③ 知性,④ 水銀",3
hospitality ,"① 敵意,② 職業,③ 合理性,④ 親切なもてなし",4
librarian ,"① 比率,② 構成要素,③ （薬の）服用量,④ 司書",4
manuscript ,"① 祝宴,② 後退,③ 厳しい試練,④ （手書きの）原",4
obsession ,"① （考えなどに）取りつかれること,② 荒野,③ 疫病,④ 予算",1
hygiene ,"① 部族,② 衛生（状態）,③ 水素,④ 自由",2
paradigm ,"① 言い換え,② 愛国者,③ 理論的枠組み,④ 平行線",3
legitimate ,"① 熱帯の,② 原始的な,③ 合法的な,④ 貴重な",3
authentic ,"① 前提の,② 人の住まない,③ 芸術的な,④ 本物の",4
empirical ,"① 法律の,② 裸の,③ 経験的な,④ 連邦（政府）の",3
immense ,"① 膨大な,② 初級の,③ 信じられない,④ 口頭の",1
absurd ,"① 洗練された,② ばかげた,③ 絶滅した,④ 言語の",2
weird ,"① 固体の,② 異様な,③ 視覚の,④ 無線の",2
accidental ,"① 学問の,② 絶対的な,③ 偶然の,④ 形式ばらない",3
uneasy ,"① 化粧の,② 不安な,③ 薄情な,④ 合理的な",2
jealous ,"① 主要な,② 嫉妬深い,③ 安定した,④ 豊富な",2
feminine ,"① 洗練された,② 独立した,③ 発酵した,④ 女らしい",4
swift ,"① 不安定な,② 素早い,③ 聡明な,④ 王の",2
hollow ,"① 穏やかな,② 最も重要な,③ 空洞の,④ 遠く離れた",3
crude ,"① 怒った,② 全体の,③ 気が進まない,④ 大まかな",4
sore ,"① 痛い,② 裕福な,③ 極端な,④ 流ちょうな",1
pessimistic ,"① 形式ばらない,② 悲観的な,③ 断続的な,④ 学問の",2
vain ,"① 無駄な,② 寛大な,③ 最も重要な,④ 財政（上）",1
susceptible ,"① 資格のある,② 立派な,③ 影響を受けやすい,④ 両立できる",3
edible ,"① 信頼できる,② 聞こえる,③ 食用の,④ 長持ちする",3
sheer ,"① 典型的な,② 純然たる,③ 遠く離れた,④ 警戒して",2
explicit ,"① 明白な,② 赤道の,③ （人・規律などが）厳しい,④ 余分の",1
prone ,"① 誇らしげな,② なりやすい,③ 用心深い,④ 前の",2
affluent ,"① 民族の,② 裕福な,③ 異常な,④ 田舎の",2
collaborate ,"① を照合する,② を尊重する,③ を証明する,④ 共同して働く",4
exert ,"① を磨く,② を及ぼす,③ を失望させる,④ を排除する",2
excel ,"① 注文する,② 調和する,③ 秀でている,④ 計算する",3
prosper ,"① 栄える,② 普及している,③ を養う,④ を刺激する",1
surge ,"① 努力する,② 実験する,③ 航海する,④ 殺到する",4
intervene ,"① 夢中になる,② 散らかす,③ 介入する,④ 誤解する",3
insert ,"① を挿入する,② をうまく処理する,③ を拡大する,④ を見直す",1
overtake ,"① を分配する,② を追い抜く,③ を監視する,④ を拒否する",2
snap ,"① をわなにかける,② をクリックする,③ をはじく,④ をパチンと鳴らす ",4
carve ,"① を提案する,② を取り除く,③ を彫る,④ を導入する",3
addict ,"① （受身形で）注意を払う,② （受身形で）犠牲になる,③ （受身形で）感動する,④ （受身形で） 中毒になる",4
condemn ,"① を開始する,② を遅らせる,③ を非難する,④ （人）を怖がらせる",3
convict,"① に有罪を宣告する,② に負担をかける,③ （人）を触発する,④ を挫折させる ",1
dictate ,"① をだめにする,② を指図する,③ を認可する,④ を所有している",2
prescribe ,"① を批判する,② を治す,③ （薬など）を処方する,④ を分解する",3
inhibit ,"① を展示する,② を甘やかす,③ を抑制する,④ を傾ける",3
stray ,"① はぐれる,② おびえる,③ （徐々に）発展する,④ 伸ばす",1
roam ,"① （を）歩き回る,② （を）評価する,③ （に）ささやく,④ （に）留まる ",1
enclose ,"① を認める,② を同封する,③ に値する,④ （判断など）を保留する",2
execute ,"① を調整する,② に謝罪する,③ を（…であると）見なす,④ を実行する ",4
coincide ,"① 和らぐ,② 同時に起こる,③ 対処する,④ 衝突する",2
lag ,"① 専門とする,② 跳ぶ,③ 与える,④ 遅れる",4
cling ,"① 中断する,② しがみつく,③ 処理する,④ 伝わる",2
erase ,"① を消す,② を治す,③ を利用する,④ に立ち向かう",1
grind ,"① を正当化する,② を飼育する,③ （穀物など）をひく,④ をひどく嫌う ",3
knit ,"① 説明する,② 花が咲く,③ を編む,④ 繁栄する",3
inquire ,"① （を）除外する,② （を）降りる,③ （を）軽減する,④ （を）尋ねる ",4
betray ,"① をうっかり表す,② に投資する,③ を分配する,④ を確信させる",1
leak ,"① 漏れる,② かがむ,③ 告白する,④ 研究する",1
smash ,"① を粉砕する,② 奮闘努力する,③ を汚す,④ をはねかける",1
bounce ,"① 跳ねる,② 崩壊する,③ 告訴する,④ 数を数える",1
sprawl,"① 防御する,② （都市などが）不規則に広がる,③ 投棄する,④ 従事する ",2
converse ,"① 会話をする,② 浮かぶ,③ 借りがある,④ 監視する",1
recite ,"① を楽しませる,② を暗唱する,③ を変える,④ を支配する",2
disregard ,"① を輸出する,② を無視する,③ を製造する,④ を解決する",2
frown ,"① を責める,② 眉をひそめる,③ を貸す,④ 由来する",2
evoke ,"① を注ぐ,② を展示する,③ を得る,④ を呼び起こす",4
pledge ,"① を誓う,② に恥ずかしい思いをさせる,③ を反省する,④ を受け入れる ",1
aspire ,"① 自由になる,② 熱望する,③ 訴える,④ 飲み込む",2
contemplate ,"① （を）修理する,② （を）解釈する,③ （に）耐える,④ （を）熟考する ",4
grace ,"① 墓,② 優美,③ （政策上の）主義,④ 手がかり",2
enlightenment ,"① 承認,② 啓蒙,③ 感嘆,④ 治療",2
commerce ,"① 協力,② 空想,③ 生息地,④ 商業",4
draft ,"① 下書き,② 錠剤,③ 重力,④ 混合（物）",1
barrel ,"① バレル（液量の単位）,② 戦闘,③ 球根,④ 障壁",1
timber ,"① 浸食,② 木材,③ 職人,④ 障壁",2
garment ,"① 君主,② 食事,③ 衣服,④ 財産",3
thread ,"① 糸,② 再会（の集い）,③ 編集者,④ 領域",1
cabinet ,"① 差別,② 動機,③ 内閣,④ 書類かばん",3
bureau ,"① 革新,② （気まぐれな）好み,③ （官庁の）局,④ 大通り",3
autonomy,"① 自筆,② 経済,③ （個人の）自律,④ 指名",3
toll ,"① 公共事業,② 偏見,③ 損害（の程度）,④ 傑作",3
discourse ,"① 出来事,② （微）粒子,③ 前任者,④ 話し合い",4
superstition ,"① 危険（要素）,② 禁忌,③ 迷信,④ 緊急（事態）",3
glimpse ,"① 日常の仕事,② ちらりと見えること,③ 企業,④ 記念碑",2
arithmetic ,"① 大臣,② 礼儀正しさ,③ 百科事典,④ 計算",4
glossary ,"① 付属品,② 食料雑貨店,③ 用語小辞典,④ 宝庫",3
archive ,"① 考古学,② 記録映画,③ 建築,④ 記録文書",4
legacy ,"① 衛生（状態）,② 遺産,③ 脳卒中,④ 景色",2
anthropology ,"① （牛などの）群れ,② 寄生虫,③ 人類学,④ 不況",3
rage ,"① 激怒,② 抵抗,③ 制裁,④ 有罪",1
sorrow ,"① あくび,② 孤独,③ 悲しみ,④ 再開",3
psychiatrist ,"① 宇宙飛行士,② 天文学者,③ 獣医,④ 精神科医",4
ward ,"① 言語,② 行政区,③ 社会学,④ 傑作",2
stall ,"① 障壁,② 露店,③ （気まぐれな）好み,④ 浸食",2
flame ,"① 炎,② （社会の）階層制,③ 同情,④ 合成",1
moisture ,"① 感覚,② 部分,③ 水分,④ 奴隷制度",3
irony ,"① 恥,② 強欲,③ 収穫（物）,④ 皮肉",4
warrior ,"① 戦士,② 獣医,③ 油断,④ 同情",1
astronomy,"① 植物,② 亡命,③ 天文学,④ 運命",3
probe ,"① （宗教上の）信条,② 枠,③ （無人）宇宙探査機,④ 統合",3
altitude ,"① 散らかった状態,② 成分,③ 糖尿病,④ 高度",4
tumor ,"① 振動,② 腫瘍,③ 材木,④ うわさ",2
defect ,"① 欠陥,② 寮,③ 感情,④ 憂うつ",1
sanitation ,"① 登録,② 制裁,③ 公衆衛生（学）,④ 職業",3
longevity ,"① 重力,② 年上,③ 長寿,④ 耐久性",3
scope ,"① （活動・能力などの）範囲,② 警備,③ 相続人,④ 資産",1
sentiment ,"① 感情,② 器具一式,③ 欠陥,④ 距離",1
plausible ,"① 明白な,② もっともらしい,③ 人工の,④ 衝撃的な",2
vigorous ,"① すさまじい,② 用心深い,③ 広々した,④ 精力的な",4
masculine ,"① 永遠の,② 安定した,③ 男らしい,④ 2言語を使う",3
rigid ,"① 核の,② 厳しい,③ （目に）見える,④ つまらない",2
adverse ,"① 不運な,② 上級の,③ 不規則な,④ 不都合な",4
coherent ,"① 共存の,② 抵抗力のある,③ 一貫した,④ 有能な",3
literal ,"① 文字どおりの,② 多くの,③ 強烈な,④ 抽象的な",1
arbitrary ,"① ありふれた,② 文学の,③ 非常に数の多い,④ 恣意的な",4
anonymous ,"① ささいな,② 匿名の,③ 断続的な,④ 遠い",2
antique ,"① 骨董の,② 絶え間ない,③ 高額の,④ 無関心な",1
eternal,"① 何気ない,② 永遠の,③ 外部の,④ 民主主義の",2
intermediate ,"① 従来の,② 成熟した,③ 中級の,④ 理想的な",3
subordinate ,"① 1年間の,② 下位の,③ 罪悪感のある,④ 上位の",2
gloomy ,"① 無作為の,② 陰気な,③ 最も重要な,④ 奇妙な",2
thermal ,"① 陰気な,② 致命的な,③ 熱の,④ 永遠の",3
faint ,"① 邪悪な,② かすかな,③ 偽の,④ 連邦（政府）の",2
naive ,"① 自然な,② 敏感な,③ 厳しい,④ お人よしの",4
apt ,"① 早い,② 内気な,③ 視力の,④ 傾向がある",4
arrogant ,"① 勇敢な,② 横柄な,③ 巨大な,④ 不器用な",2
extrovert ,"① 社交的な,② ぜいたくな,③ 風変わりな,④ 外向的な",4
conspicuous ,"① 潜在的な,② 異常な,③ 目立つ,④ 民族の",3
intact ,"① どう猛な,② 損なわれていない,③ 最初の,④ 居心地のよい",2
embody ,"① をひどく嫌う,② を評価する,③ を具現する,④ を正当化する",3
illuminate ,"① を賃借りする,② を引用する,③ を照らす,④ を傷つける",3
console ,"① を慰める,② を傷つける,③ を引用する,④ を組み立てる",1
verify ,"① の正しさを証明［確認］する,② を修正する,③ を拡大する,④ を評価する ",1
disclose ,"① を片づける,② を構成する,③ を公表する,④ を悩ます",3
stack ,"① をあばく,② 滑る,③ 大またに歩く,④ を積む",4
rotate ,"① 成長する,② 回転する,③ 爆発する,④ 証明する",2
constrain,"① を建築する,② を保持する,③ に強いる,④ を後悔する",3
hinder ,"① を消費する,② を暗に意味する,③ をかき乱す,④ を妨げる",4
withstand ,"① に耐える,② を当惑させる,③ のふりをする,④ を取り除く",1
tweet ,"① （を）だます,② を刺す,③ をたどる,④ （を）ツイートする",4
sneeze ,"① 凍る,② あくびをする,③ あざ笑う,④ くしゃみをする",4
erupt ,"① 出現する,② （火山が）噴火する,③ うまく処理する,④ 演技をする",2
blur ,"① まばたきする,② をぼかす,③ をふく,④ を消す",2
overlap ,"① をひっくり返す,② 回復する,③ を除外する,④ （一部）重なる",4
embed ,"① を具体化する,② 埋め込まれる,③ を挿入する,④ 施行される",2
displace ,"① を消費する,② の気をまぎらす,③ に取って代わる,④ を見分ける",3
render ,"① を貸す,② を罰する,③ を（ある状態に）する,④ を（…のことで）賞賛する ",3
plunge ,"① （を）伸ばす,② （を）突っ込む,③ （価値などを）高める,④ （を）発明する ",2
surrender ,"① を飛び越える,② を放棄する,③ と述べる,④ を与える",2
plug ,"①（～ inで）のプラグを電源に差し込む,②（～ inで）に参加する,③（～ inで）に横たわる,④（～ inで）に移住する",1
suck ,"① （を）所有する,② （を）じっと見る,③ （を）吸う,④ （判断などを）保留する ",3
mock ,"① を従事させる,② をばかにする,③ を防御する,④ を掲げる",2
tease ,"① （を）教育する,② （を）からかう,③ （に）感嘆する,④ （を）持続させる ",2
soothe ,"① をなだめる,② を積み重ねる,③ を追求する,④ を組織する",1
stain ,"① を汚す,② を建設する,③ と結論づける,④ を課す",1
shun ,"① を閉じる,② を怒らせる,③ を破滅させる,④ を避ける",4
stumble ,"① よろけながら歩く,② （…を）確実にする,③ （…を）治療する,④ （…に）会う ",1
flush ,"① を紅潮させる,② を軽減する,③ を変える,④ を罰する",1
impair ,"① を損なう,② を仕入れる,③ を否定する,④ を取り込む",1
presume ,"① をもたらす,② と思う,③ を生み出す,④ に知らせる",2
contend ,"① と主張する,② を喜ばせる,③ を意図する,④ を孤立させる",1
roar ,"① うなる,② 捕まる,③ 混同する,④ 伝わる",1
haunt ,"① を数える,② （記憶・考えなどが）につきまとう,③ を狩る,④ を妨げる ",2
divert ,"① を隠す,② を勧める,③ を制限する,④ （注意など）をそらす",4
await ,"① を賞賛する,② に促す,③ を待つ,④ を密閉する",3
fetch ,"① を認める,② を疑う,③ を（行って）持って［連れて］くる,④ を注ぐ ",3
unify ,"① を購入する,② （人）に警告する,③ を危険にさらす,④ を統合［統一］する ",4
inspect ,"① を消費する,② を点検する,③ を強調する,④ をかき乱す",2
entail ,"① を危険にさらす,② を成し遂げる,③ を小売りする,④ を伴う",4
tactics ,"① 作戦,② 苦痛,③ 彫刻（作品）,④ 語法",1
feat ,"① 症候群,② 恐怖,③ 衝突,④ 偉業",4
prestige ,"① 温度計,② 国勢調査,③ （試合・論争などの）相手,④ 名声",4
analogy ,"① 類推,② 素人,③ 地域,④ 青年",1
conscience ,"① 偶然の一致,② 良心,③ （試合などの）観客,④ 負担",2
textile ,"① 織物,② 舗道,③ 概観,④ 料理法",1
deficit ,"① 矛盾,② 没頭,③ 赤字,④ 議定書",3
plague ,"① 妄想,② 弁護士,③ 疫病,④ 避難所",3
hazard ,"① 危険（要素）,② 避難（所）,③ 期間,④ 迷信",1
metabolism ,"① （新陳）代謝,② 廃止,③ 隠喩,④ 成分",1
paralysis ,"① 分析,② 麻痺,③ 言い換え,④ 強調",2
grid ,"① 発電所,② スイッチ,③ （電気などの）供給網,④ プラグ",3
carriage ,"① 比率,② 馬車,③ 巡礼者,④ 経歴",2
friction ,"① 治療（法）,② 妥協,③ 不和,④ 勇気",3
rebel ,"① 多様性,② 栄養補助剤,③ 反逆者,④ 段階",3
regime ,"① 植民地,② 政権,③ 王国,④ 地帯",2
monopoly ,"① 栄光,② 勝利,③ 独占（権）,④ 単調さ",3
staple ,"① 必需食品,② 小別荘,③ 混雑,④ 厩舎",1
merchandise ,"① 誤った考え,② （商）取引,③ 商品,④ 生態学",3
vendor ,"① 物売り,② ブース,③ 復しゅう,④ 毒液",1
supervisor ,"① 面接官,② 頑固者,③ 監督者,④ 建築家",3
predecessor ,"① 悪,② 前任者,③ 賄賂,④ 回路",2
personnel ,"① 植物学,② 職員,③ 推理,④ 同意",2
vessel ,"① 球体,② 濫用,③ 船舶,④ 苦悩",3
liver ,"① 細菌,② 肝臓,③ 年金,④ 人質",2
duration ,"① 満期,② 侵食,③ 忍耐,④ （時間の）継続",4
certificate ,"① 細菌,② 証明書,③ 水銀,④ 運命",2
geometry ,"① 直売店,② 幾何学,③ 地理,④ 融合",2
symmetry ,"① 光線,② （左右）対称,③ 突然変異,④ （微）粒子",2
biography ,"① （刑）罰,② 署名,③ 伝記,④ 余剰",3
masterpiece ,"① 必需品,② 病棟,③ 損害（の程度）,④ 傑作",4
rhyme ,"① ごみ,② 押韻詩,③ 内閣,④ 妊娠中絶",2
premium ,"① 保険料,② 特許（権）,③ 義務,④ 補足",1
breakdown ,"① 災害,② 崩壊,③ 噴火,④ 憂うつ",2
courtesy ,"① わな,② 礼儀正しさ,③ 流行病,④ 計算",2
protocol ,"① 赤字,② 特許（権）,③ （条約）議定書,④ 責任",3
specimen ,"① 託児所,② 呪い,③ 標本,④ （銃弾・刃物などによる）傷",3
thesis ,"① 論文,② 瀬戸際,③ ごみ,④ 杭",1
eligible ,"① 現実の,② 明らかな,③ 目に見える,④ 適格の",4
intrinsic ,"① 現実的な,② 固有の,③ 電気の,④ 本物の",2
diligent ,"① 謙虚な,② 攻撃的な,③ 勤勉な,④ 醜い",3
vocational ,"① 職業の,② 効率的な,③ 極端な,④ 着実な",1
bankrupt ,"① 破産宣告を受けた,② 厳しい,③ 勤勉な,④ 崩壊",1
stern ,"① あいまいな,② 潜在的な,③ 人工の,④ 厳しい",4
stubborn ,"① 楽観的な,② 頑固な,③ 厚い,④ 外部の",2
maternal ,"① 母の,② 親の,③ 物質の,④ 女性の",1
fertile ,"① 民主主義の,② 肥沃な,③ 漠然とした,④ 頑丈な",2
ripe ,"① 熟した,② 突然の,③ 人工の,④ 避けられない",1
stiff ,"① 頻繁な,② 寛大な,③ 硬直した,④ 遠い",3
obsolete ,"① 肯定の,② 等しい,③ 廃れた,④ 邪悪な",3
vacant ,"① 人種の,② 空いている,③ 変わりやすい,④ 王の",2
acoustic ,"① 学者ぶる,② 空想的な,③ 音響の,④ 詩の",3
preliminary ,"① 郊外の,② 予備の,③ 民主主義の,④ 体を使う",2
approximate ,"① おおよその,② 全体的な,③ 熱望して,④ 厳密な",1
implicit ,"① 義務的な,② 単なる,③ 暗黙の,④ 理想的な",3
punctual ,"① 精神の,② 言葉の,③ 時間を守る,④ 派手な",3
compatible ,"① 一時的な,② 家庭の,③ 矛盾しない,④ 上級の",3
ample ,"① 十分すぎるほどの,② 奇妙な,③ 原始的な,④ 以前の",1
pervasive ,"① 隅々に広がった,② 広大な,③ 受け身の,④ 流暢な",1
ubiquitous ,"① 至る所にある,② 形式ばらない,③ 創造的な,④ 広範囲にわたる",1
deduce ,"① を削除する,② を推測する,③ 衰える,④ を減らす",2
simulate ,"① を模擬実験する,② ぐつぐつ煮える,③ を修正する,④ を同化する",1
merge ,"① （を）合併する,② （を）告訴する,③ （を）祝う,④ （を）出発する ",1
penetrate ,"① に反対する,② （問題など）を提起する,③ （に）浸透する,④ に似ている ",3
cater ,"① に仕える,② を採用する,③ （の）料理をまかなう,④ を投げる",3
assault ,"① を魅了する,② を怠る,③ に暴行する,④ を吸収する",3
torture ,"① ののしる,② をひどく恐れる,③ を推測する,④ を拷問にかける",4
bleed ,"① 楽しむ,② 落ち込む,③ 変化する,④ 出血する",4
erect ,"① を建てる,② を取り出す,③ を非難する,④ を後悔する",1
cherish ,"① を採用する,② を取り巻く,③ を大切にする,④ に知らせる",3
arouse ,"① を展示する,② 起こる,③ を逮捕する,④ （感情など）を引き起こす",4
doom ,"① 運命にある,② をのろう,③ を捧げる,④ 満期になる",1
mourn ,"① （を）思い出す,② （を）専門とする,③ （を）悼む,④ （を）禁止する ",3
dread ,"① をひどく恐れる,② を貸す,③ を曲げる,④ を捨てる",1
nourish ,"① を得る,② に同行する,③ （料金など）を支払う,④ に栄養を与える",4
inject ,"① を提案する,② （人）に注射する,③ （人）を拒絶する,④ に感銘をうける ",2
swear ,"① 占める,② 戦う,③ ののしる,④ 吸収する",3
bid ,"① をやめる,② の値をつける,③ をかむ,④ を加える",2
corrupt ,"① に判決を下す,② を変える,③ を堕落させる,④ を軽減する",3
preoccupy ,"① を予言する,② の心を奪う,③ 熱望する,④ 参加する",2
browse ,"① まばたきする,② を押し上げる,③ （を）拾い読みする,④ を混ぜる",3
compile ,"① を圧縮する,② を計算する,③ に同行する,④ を編集する",4
allocate ,"① を処方する,② を割り当てる,③ を突き止める,④ を分ける",2
offset ,"① を観察する,② を相殺する,③ を置き直す,④ を怒らせる",2
restrain ,"① を促進する,② を結び付ける,③ を制止する,④ を克服する",3
comply ,"① 従う,② 象徴する,③ 修理する,④ 由来する",1
expire ,"① 期限が切れる,② 宣伝する,③ 迷う,④ 縮む",1
embark ,"① 告白する,② 乗り出す,③ 見直す,④ 除外する",2
flap ,"① 後退する,② （綿密に）調べる,③ 異なる,④ パタパタ動く",4
furnish ,"① に抗議する,② を正当に評価する,③ に備えつける,④ を失望させる",3
forge ,"① を許す,② をまねる,③ 波打つ,④ を偽造する",4
thrust ,"① を繰り返す,② を提案する,③ を押しつける,④ をやめる",3
dispatch ,"① に継ぎを当てる,② を一掃する,③ を削除する,④ を派遣する",4
resent ,"① に憤慨する,② を授与する,③ を拒否する,④ を監視する",1
reconcile ,"① を生み出す,② を一致させる,③ を（…と）見なす,④ を操作する",2
allege ,"① ではないかと思う,② を主張する,③ を配達する,④ に反応する",2
oppress ,"① を抑圧［迫害］する,② を区別する,③ を建てる,④ を拡大する",1
expel ,"① をさらす,② に抵抗する,③ を強調する,④ を追放する",4
ascend ,"① （を）開く,② （を）調整する,③ （を）描く,④ （を）上がる",4
commence ,"① を推薦する,② 始まる,③ 出現する,④ を命令する",2
advent ,"① 出現,② 知恵,③ 物語,④ 戦争（行為）",1
reign ,"① 地域,② 穀物,③ 治世,④ 境界（線）",3
diplomacy ,"① 財産,② 外交（的手腕）,③ 超大国,④ 特性",2
embassy ,"① 知事,② 本部,③ 大使館,④ 輸出禁止",3
exile ,"① 療法,② 美術館,③ 亡命（者）,④ 慈悲",3
refuge ,"① 半島,② 避難（所）,③ 作り話,④ 危険（要素）",2
plight ,"① 散文,② （経済）基盤,③ 窮状,④ 多様性",3
solitude ,"① 台本,② ひとりでいること,③ 議会,④ 民話",2
fallacy ,"① 誤った考え,② 乳児,③ 商品,④ 聖職者",1
latitude ,"① 態度,② 緯度,③ 高度,④ 赤道",2
eclipse ,"① 手足,② 風景,③ （日食・月食などの）食,④ 美徳",3
basin ,"① （経済）基盤,② 弁護士,③ 流域,④ 韻文",3
erosion ,"① 木材,② 浸食,③露店,④ 星雲",2
archaeology ,"①寮,② 地理,③ 拷問,④ 考古学",4
errand ,"① 小作農,② （人の）使い,③ 使節,④ 実用品",2
mercy ,"① 慈悲,② 見込み,③ 崇拝,④ 亡命（者）",1
rhetoric ,"① 半島,② 過程,③ 修辞（法）,④ 錯覚",3
verse ,"① 刑務所,② 暴政,③ 韻文,④ 洗面器",3
congestion ,"① 混雑,② 必需食品,③ 統計,④ 直観（力）",1
sewage ,"① うわさ,② 議会,③ 下水,④ 編み物",3
complement ,"① 論評,② お世辞,③ 補完物,④ 同情",3
subsidy ,"① 郊外,② 基金,③ 物質,④ 補助金",4
mortgage ,"① 株,② 威信,③ 住宅ローン,④ 約束",3
attorney ,"① 弁護士,② 恥,③ 予算,④ 疫病",1
outfit ,"① 出費,② 家具,③ 衣装一式,④ 供給",3
bulk ,"① 一部,② 大半,③ 中心,④ 種類",2
reunion ,"① （議論などの）筋道,② 落胆,③ 再会（の集い）,④ 建築",3
synthesis ,"① 炎,② 合成,③ 食欲,④ 総計",2
mold ,"① 許可,② 通貨,③ 鋳型,④ 許し",3
thirst ,"① 真実,② 摂取量,③ （のどの）渇き,④ 重力",3
greed ,"① 皮肉,② （陪審の）評決,③ 強欲,④ 核心",3
bribe ,"① 賄賂,② 花嫁,③ 生産（高）,④ 前任者",1
contempt ,"① 努力,② 盾,③ 散らかった状態,④ 軽蔑",4
texture ,"① 材料,② 文脈,③ 感触,④ 織物",3
orphan ,"① 診断,② （民事）訴訟,③ 計画,④ 孤児",4
harassment ,"① 敵意,② 憎悪,③ 興奮,④ 嫌がらせ",4
hay ,"① 虫,② 光線,③ 干し草,④ さお",3
doctrine ,"① 特権,② 教義,③ 優美,④ 人質",2
holistic ,"① 敵意のある,② 全体主義の,③ 全体論の,④ 神聖な",3
liable ,"① ～することをためらって,② ～することが好きで,③ ～できる,④ しがちな ",4
earnest ,"① まじめな,② 仮想の,③ 厳しい,④ 明らかな",1
intelligible ,"① （簡単に）理解できる,② 広大な,③ 最も重要な,④ 遠く離れた",1
abrupt ,"① 1年間の,② 相互の,③ 突然の,④ 賢い",3
reckless ,"① 内部の,② 基本的な,③ 無謀な,④ 油断のない",3
furious ,"① 汚染された,② 頻繁な,③ 激怒した,④ 精通している",3
eloquent ,"① 雄弁な,② 目新しい,③ 普遍的な,④ （目に）見える",1
juvenile ,"① 核の,② 廃れた,③ （目に）見える,④ 青少年の",4
notorious ,"① 関係がある,② 栄養がある,③ 悪名高い,④ 必要不可欠な",3
timid ,"① 湿気の多い,② 家庭の,③ 賢明な,④ 臆病な",4
humid ,"① 民族の,② 仮想の,③ おどおどした,④ 湿気のある",4
contagious ,"① 流暢な,② 宗教の,③ 感染（性）の,④ 悪性の",3
cynical ,"① 融通の利く,② 無礼な,③ 冷笑的な,④ 暴力的な",3
dumb ,"① 有能な,② ばかげた,③ 全体的な,④ 融通の利く",2
monotonous ,"① 必要不可欠な,② 成熟した,③ 単調な,④ 失望して",3
perpetual ,"① いやいやながらの,② 主要な,③ 安定した,④ 永続的な",4
dizzy ,"① 外部の,② 目まいがする,③ 厚い,④ 利用できる",2
weary ,"① 疲れ果てた,② 利用できる,③ 一時的な,④ 市民の",1
numb ,"① 無効の,② 麻痺した,③ 数の,④ 湿った",2
mortal ,"① 消極的な,② 謙虚な,③ 致命的な,④ 攻撃的な",3
zealous ,"① 永続的な,② つまらない,③ 熱心な,④ 現代の",3